Switched to a new branch '2026-05-12_BRICKSTORM-Backdoor-Investigation_ea2'
branch '2026-05-12_BRICKSTORM-Backdoor-Investigation_ea2' set up to track 'origin/2026-05-12_BRICKSTORM-Backdoor-Investigation_ea2'.
Starting galaxy role install process
- extracting user-access to /app/ansible_repo/provisioning/roles/user-access
- user-access (v1.0.0) was installed successfully
- extracting disable-qxl to /app/ansible_repo/provisioning/roles/disable-qxl
- disable-qxl (v1.0.0) was installed successfully
- extracting sandbox-logging to /app/ansible_repo/provisioning/roles/sandbox-logging
- sandbox-logging (v1.0.0) was installed successfully
- adding dependency: sandbox-logging-bash (v1.0.0)
- adding dependency: sandbox-logging-msf (v1.0.0)
- adding dependency: sandbox-logging-forward (v1.0.0)
- extracting sandbox-logging-bash to /app/ansible_repo/provisioning/roles/sandbox-logging-bash
- sandbox-logging-bash (v1.0.0) was installed successfully
- extracting sandbox-logging-msf to /app/ansible_repo/provisioning/roles/sandbox-logging-msf
- sandbox-logging-msf (v1.0.0) was installed successfully
- extracting sandbox-logging-forward to /app/ansible_repo/provisioning/roles/sandbox-logging-forward
- sandbox-logging-forward (v1.0.0) was installed successfully
ansible-playbook [core 2.16.14]
  config file = None
  configured module search path = ['/root/.ansible/plugins/modules', '/usr/share/ansible/plugins/modules']
  ansible python module location = /usr/local/lib/python3.12/site-packages/ansible
  ansible collection location = /root/.ansible/collections:/usr/share/ansible/collections
  executable location = /usr/local/bin/ansible-playbook
  python version = 3.12.11 (main, Sep  8 2025, 21:45:40) [GCC 12.2.0] (/usr/local/bin/python3.12)
  jinja version = 3.1.6
  libyaml = True
No config file found; using defaults
redirecting (type: modules) ansible.builtin.authorized_key to ansible.posix.authorized_key
redirecting (type: modules) ansible.builtin.authorized_key to ansible.posix.authorized_key
statically imported: /app/ansible_repo/provisioning/roles/sandbox-logging-bash/tasks/bash.yml
Skipping callback 'default', as we already have a stdout callback.
Skipping callback 'minimal', as we already have a stdout callback.
Skipping callback 'oneline', as we already have a stdout callback.

PLAYBOOK: playbook.yml *********************************************************
12 plays in playbook.yml

PLAY [disable qxl] *************************************************************

TASK [Gathering Facts] *********************************************************
task path: /app/ansible_repo/provisioning/playbook.yml:2
ok: [router]
ok: [next-target]
ok: [c2-server]
ok: [target]

TASK [include_role : disable-qxl] **********************************************
task path: /app/ansible_repo/provisioning/playbook.yml:9

TASK [disable-qxl : check if qxl module is loaded in kernel] *******************
task path: /app/ansible_repo/provisioning/roles/disable-qxl/tasks/main.yml:2
ok: [router] => {"changed": false, "cmd": "lsmod | grep \"^qxl \"", "delta": "0:00:00.007443", "end": "2026-06-09 19:02:24.237361", "failed_when_result": false, "msg": "non-zero return code", "rc": 1, "start": "2026-06-09 19:02:24.229918", "stderr": "", "stderr_lines": [], "stdout": "", "stdout_lines": []}
ok: [target] => {"changed": false, "cmd": "lsmod | grep \"^qxl \"", "delta": "0:00:00.008196", "end": "2026-06-09 19:02:24.252703", "failed_when_result": false, "msg": "non-zero return code", "rc": 1, "start": "2026-06-09 19:02:24.244507", "stderr": "", "stderr_lines": [], "stdout": "", "stdout_lines": []}
ok: [next-target] => {"changed": false, "cmd": "lsmod | grep \"^qxl \"", "delta": "0:00:00.007752", "end": "2026-06-09 19:02:24.257153", "failed_when_result": false, "msg": "non-zero return code", "rc": 1, "start": "2026-06-09 19:02:24.249401", "stderr": "", "stderr_lines": [], "stdout": "", "stdout_lines": []}
ok: [c2-server] => {"changed": false, "cmd": "lsmod | grep \"^qxl \"", "delta": "0:00:00.008819", "end": "2026-06-09 19:02:24.265750", "failed_when_result": false, "msg": "non-zero return code", "rc": 1, "start": "2026-06-09 19:02:24.256931", "stderr": "", "stderr_lines": [], "stdout": "", "stdout_lines": []}

TASK [disable-qxl : include_tasks] *********************************************
task path: /app/ansible_repo/provisioning/roles/disable-qxl/tasks/main.yml:8
skipping: [router] => {"changed": false, "false_condition": "not disable_qxl_lsmod_output.rc", "skip_reason": "Conditional result was False"}
skipping: [c2-server] => {"changed": false, "false_condition": "not disable_qxl_lsmod_output.rc", "skip_reason": "Conditional result was False"}
skipping: [next-target] => {"changed": false, "false_condition": "not disable_qxl_lsmod_output.rc", "skip_reason": "Conditional result was False"}
skipping: [target] => {"changed": false, "false_condition": "not disable_qxl_lsmod_output.rc", "skip_reason": "Conditional result was False"}

PLAY [set up target] ***********************************************************

TASK [Gathering Facts] *********************************************************
task path: /app/ansible_repo/provisioning/playbook.yml:14
ok: [target]

TASK [target : Add host aliases] ***********************************************
task path: /app/ansible_repo/provisioning/roles/target/tasks/main.yml:2
changed: [target] => (item={'ip': '192.168.50.5', 'name': 'target'}) => {"ansible_loop_var": "item", "backup": "", "changed": true, "item": {"ip": "192.168.50.5", "name": "target"}, "msg": "line added"}
changed: [target] => (item={'ip': '192.168.40.5', 'name': 'c2-server'}) => {"ansible_loop_var": "item", "backup": "", "changed": true, "item": {"ip": "192.168.40.5", "name": "c2-server"}, "msg": "line added"}
changed: [target] => (item={'ip': '192.168.50.6', 'name': 'next-target'}) => {"ansible_loop_var": "item", "backup": "", "changed": true, "item": {"ip": "192.168.50.6", "name": "next-target"}, "msg": "line added"}

TASK [target : Add user and set password] **************************************
task path: /app/ansible_repo/provisioning/roles/target/tasks/main.yml:9
[DEPRECATION WARNING]: Encryption using the Python crypt module is deprecated. 
The Python crypt module is deprecated and will be removed from Python 3.13. 
Install the passlib library for continued encryption functionality. This 
feature will be removed in version 2.17. Deprecation warnings can be disabled 
by setting deprecation_warnings=False in ansible.cfg.
changed: [target] => {"changed": true, "comment": "", "create_home": true, "group": 1001, "groups": "sudo", "home": "/home/cyrano", "name": "cyrano", "password": "NOT_LOGGING_PASSWORD", "shell": "/bin/bash", "state": "present", "system": false, "uid": 1001}

TASK [target : Copy Payloads] **************************************************
task path: /app/ansible_repo/provisioning/roles/target/tasks/main.yml:17
skipping: [target] => {"changed": false, "skipped_reason": "No items in the list"}

TASK [target : Create Payloads] ************************************************
task path: /app/ansible_repo/provisioning/roles/target/tasks/main.yml:25
changed: [target] => (item={'name': 'vami', 'content': 'vami\n'}) => {"ansible_loop_var": "item", "changed": true, "checksum": "d499883c1b1a6d5a33a88b7b68c4f5e9445cf914", "dest": "/home/cyrano/vami", "gid": 0, "group": "root", "item": {"content": "vami\n", "name": "vami"}, "md5sum": "7e76fc3d71b65d6cc2f17f6b26568905", "mode": "0644", "owner": "cyrano", "size": 5, "src": "/home/ubuntu/.ansible/tmp/ansible-tmp-1781031747.6721323-278-272460301097280/source", "state": "file", "uid": 1001}
changed: [target] => (item={'name': '013211c56caaa697914b5b5871e4998d0298902e336e373ebb27b7db30917eaf', 'content': '013211c56caaa697914b5b5871e4998d0298902e336e373ebb27b7db30917eaf\n'}) => {"ansible_loop_var": "item", "changed": true, "checksum": "7d127ab5d5f49b4092f02048b57af2db72344fea", "dest": "/home/cyrano/013211c56caaa697914b5b5871e4998d0298902e336e373ebb27b7db30917eaf", "gid": 0, "group": "root", "item": {"content": "013211c56caaa697914b5b5871e4998d0298902e336e373ebb27b7db30917eaf\n", "name": "013211c56caaa697914b5b5871e4998d0298902e336e373ebb27b7db30917eaf"}, "md5sum": "4956b9e5250cce607a37bfdb3ddd9b33", "mode": "0644", "owner": "cyrano", "size": 65, "src": "/home/ubuntu/.ansible/tmp/ansible-tmp-1781031748.6270204-278-121463073923695/source", "state": "file", "uid": 1001}

TASK [target : Install packages] ***********************************************
task path: /app/ansible_repo/provisioning/roles/target/tasks/main.yml:33
ok: [target] => {"cache_update_time": 1781031756, "cache_updated": true, "changed": false}

TASK [target : Place flags] ****************************************************
task path: /app/ansible_repo/provisioning/roles/target/tasks/main.yml:39
changed: [target] => (item={'dest': '/home/cyrano/flag1.txt', 'owner': 'cyrano', 'content': 'Flag1\n'}) => {"ansible_loop_var": "item", "changed": true, "checksum": "77383ee82f6230aea26deeb185bc64ccd1fd99a4", "dest": "/home/cyrano/flag1.txt", "gid": 0, "group": "root", "item": {"content": "Flag1\n", "dest": "/home/cyrano/flag1.txt", "owner": "cyrano"}, "md5sum": "ba17f06b2eb2f9201c84a6674b1e9f81", "mode": "0600", "owner": "cyrano", "size": 6, "src": "/home/ubuntu/.ansible/tmp/ansible-tmp-1781031760.2848945-315-176101792677391/source", "state": "file", "uid": 1001}

TASK [target : Create inventory script] ****************************************
task path: /app/ansible_repo/provisioning/roles/target/tasks/main.yml:47
changed: [target] => {"changed": true, "checksum": "4b62ba9323d8855affe3d6c3a8eebe4e6f1c35d4", "dest": "/usr/local/bin/local-inventory.sh", "gid": 0, "group": "root", "md5sum": "cac407494da1b45ceee3aff147c85ffa", "mode": "0755", "owner": "root", "size": 705, "src": "/home/ubuntu/.ansible/tmp/ansible-tmp-1781031761.0903997-330-249268567650941/source", "state": "file", "uid": 0}

TASK [target : Create systemd unit for local inventory] ************************
task path: /app/ansible_repo/provisioning/roles/target/tasks/main.yml:83
changed: [target] => {"changed": true, "checksum": "7a3ee27634243ba1690734f532e8b487ac65415a", "dest": "/etc/systemd/system/local-inventory.service", "gid": 0, "group": "root", "md5sum": "493eab3e39c3e0ffe5d05381fcd24587", "mode": "0644", "owner": "root", "size": 211, "src": "/home/ubuntu/.ansible/tmp/ansible-tmp-1781031761.905638-345-42542964571464/source", "state": "file", "uid": 0}

TASK [target : Install systemd timer for periodic local inventory] *************
task path: /app/ansible_repo/provisioning/roles/target/tasks/main.yml:100
changed: [target] => {"changed": true, "checksum": "5326b0382d5aab7792ecdb9c038784cd9c583a89", "dest": "/etc/systemd/system/local-inventory.timer", "gid": 0, "group": "root", "md5sum": "316ca565a2760f3d04bf800f77e5a976", "mode": "0644", "owner": "root", "size": 156, "src": "/home/ubuntu/.ansible/tmp/ansible-tmp-1781031762.7424505-360-36536405371288/source", "state": "file", "uid": 0}

TASK [target : Reload systemd] *************************************************
task path: /app/ansible_repo/provisioning/roles/target/tasks/main.yml:116
ok: [target] => {"changed": false, "name": null, "status": {}}

TASK [target : Enable local inventory service] *********************************
task path: /app/ansible_repo/provisioning/roles/target/tasks/main.yml:120
changed: [target] => {"changed": true, "enabled": true, "name": "local-inventory.service", "status": {"ActiveEnterTimestampMonotonic": "0", "ActiveExitTimestampMonotonic": "0", "ActiveState": "inactive", "After": "systemd-journald.socket network-online.target sysinit.target system.slice basic.target", "AllowIsolate": "no", "AssertResult": "no", "AssertTimestampMonotonic": "0", "Before": "shutdown.target", "BlockIOAccounting": "no", "BlockIOWeight": "[not set]", "CPUAccounting": "yes", "CPUAffinityFromNUMA": "no", "CPUQuotaPerSecUSec": "infinity", "CPUQuotaPeriodUSec": "infinity", "CPUSchedulingPolicy": "0", "CPUSchedulingPriority": "0", "CPUSchedulingResetOnFork": "no", "CPUShares": "[not set]", "CPUUsageNSec": "[not set]", "CPUWeight": "[not set]", "CacheDirectoryMode": "0755", "CanFreeze": "yes", "CanIsolate": "no", "CanReload": "no", "CanStart": "yes", "CanStop": "yes", "CapabilityBoundingSet": "cap_chown cap_dac_override cap_dac_read_search cap_fowner cap_fsetid cap_kill cap_setgid cap_setuid cap_setpcap cap_linux_immutable cap_net_bind_service cap_net_broadcast cap_net_admin cap_net_raw cap_ipc_lock cap_ipc_owner cap_sys_module cap_sys_rawio cap_sys_chroot cap_sys_ptrace cap_sys_pacct cap_sys_admin cap_sys_boot cap_sys_nice cap_sys_resource cap_sys_time cap_sys_tty_config cap_mknod cap_lease cap_audit_write cap_audit_control cap_setfcap cap_mac_override cap_mac_admin cap_syslog cap_wake_alarm cap_block_suspend cap_audit_read cap_perfmon cap_bpf cap_checkpoint_restore", "CleanResult": "success", "CollectMode": "inactive", "ConditionResult": "no", "ConditionTimestampMonotonic": "0", "ConfigurationDirectoryMode": "0755", "Conflicts": "shutdown.target", "ControlGroupId": "0", "ControlPID": "0", "CoredumpFilter": "0x33", "CoredumpReceive": "no", "DefaultDependencies": "yes", "DefaultMemoryLow": "0", "DefaultMemoryMin": "0", "DefaultStartupMemoryLow": "0", "Delegate": "no", "Description": "Local boot inventory collection", "DevicePolicy": "auto", "DynamicUser": "no", "ExecMainCode": "0", "ExecMainExitTimestampMonotonic": "0", "ExecMainPID": "0", "ExecMainStartTimestampMonotonic": "0", "ExecMainStatus": "0", "ExecStart": "{ path=/usr/local/bin/local-inventory.sh ; argv[]=/usr/local/bin/local-inventory.sh ; ignore_errors=no ; start_time=[n/a] ; stop_time=[n/a] ; pid=0 ; code=(null) ; status=0/0 }", "ExecStartEx": "{ path=/usr/local/bin/local-inventory.sh ; argv[]=/usr/local/bin/local-inventory.sh ; flags= ; start_time=[n/a] ; stop_time=[n/a] ; pid=0 ; code=(null) ; status=0/0 }", "ExitType": "main", "ExtensionImagePolicy": "root=verity+signed+encrypted+unprotected+absent:usr=verity+signed+encrypted+unprotected+absent:home=encrypted+unprotected+absent:srv=encrypted+unprotected+absent:tmp=encrypted+unprotected+absent:var=encrypted+unprotected+absent", "FailureAction": "none", "FileDescriptorStoreMax": "0", "FileDescriptorStorePreserve": "restart", "FinalKillSignal": "9", "FragmentPath": "/etc/systemd/system/local-inventory.service", "FreezerState": "running", "GID": "[not set]", "GuessMainPID": "yes", "IOAccounting": "no", "IOReadBytes": "[not set]", "IOReadOperations": "[not set]", "IOSchedulingClass": "2", "IOSchedulingPriority": "4", "IOWeight": "[not set]", "IOWriteBytes": "[not set]", "IOWriteOperations": "[not set]", "IPAccounting": "no", "IPEgressBytes": "[no data]", "IPEgressPackets": "[no data]", "IPIngressBytes": "[no data]", "IPIngressPackets": "[no data]", "Id": "local-inventory.service", "IgnoreOnIsolate": "no", "IgnoreSIGPIPE": "yes", "InactiveEnterTimestampMonotonic": "0", "InactiveExitTimestampMonotonic": "0", "JobRunningTimeoutUSec": "infinity", "JobTimeoutAction": "none", "JobTimeoutUSec": "infinity", "KeyringMode": "private", "KillMode": "control-group", "KillSignal": "15", "LimitAS": "infinity", "LimitASSoft": "infinity", "LimitCORE": "infinity", "LimitCORESoft": "0", "LimitCPU": "infinity", "LimitCPUSoft": "infinity", "LimitDATA": "infinity", "LimitDATASoft": "infinity", "LimitFSIZE": "infinity", "LimitFSIZESoft": "infinity", "LimitLOCKS": "infinity", "LimitLOCKSSoft": "infinity", "LimitMEMLOCK": "8388608", "LimitMEMLOCKSoft": "8388608", "LimitMSGQUEUE": "819200", "LimitMSGQUEUESoft": "819200", "LimitNICE": "0", "LimitNICESoft": "0", "LimitNOFILE": "524288", "LimitNOFILESoft": "1024", "LimitNPROC": "7720", "LimitNPROCSoft": "7720", "LimitRSS": "infinity", "LimitRSSSoft": "infinity", "LimitRTPRIO": "0", "LimitRTPRIOSoft": "0", "LimitRTTIME": "infinity", "LimitRTTIMESoft": "infinity", "LimitSIGPENDING": "7720", "LimitSIGPENDINGSoft": "7720", "LimitSTACK": "infinity", "LimitSTACKSoft": "8388608", "LoadState": "loaded", "LockPersonality": "no", "LogLevelMax": "-1", "LogRateLimitBurst": "0", "LogRateLimitIntervalUSec": "0", "LogsDirectoryMode": "0755", "MainPID": "0", "ManagedOOMMemoryPressure": "auto", "ManagedOOMMemoryPressureLimit": "0", "ManagedOOMPreference": "none", "ManagedOOMSwap": "auto", "MemoryAccounting": "yes", "MemoryAvailable": "1732100096", "MemoryCurrent": "[not set]", "MemoryDenyWriteExecute": "no", "MemoryHigh": "infinity", "MemoryKSM": "no", "MemoryLimit": "infinity", "MemoryLow": "0", "MemoryMax": "infinity", "MemoryMin": "0", "MemoryPeak": "[not set]", "MemoryPressureThresholdUSec": "200ms", "MemoryPressureWatch": "auto", "MemorySwapCurrent": "[not set]", "MemorySwapMax": "infinity", "MemorySwapPeak": "[not set]", "MemoryZSwapCurrent": "[not set]", "MemoryZSwapMax": "infinity", "MountAPIVFS": "no", "MountImagePolicy": "root=verity+signed+encrypted+unprotected+absent:usr=verity+signed+encrypted+unprotected+absent:home=encrypted+unprotected+absent:srv=encrypted+unprotected+absent:tmp=encrypted+unprotected+absent:var=encrypted+unprotected+absent", "NFileDescriptorStore": "0", "NRestarts": "0", "NUMAPolicy": "n/a", "Names": "local-inventory.service", "NeedDaemonReload": "no", "Nice": "0", "NoNewPrivileges": "no", "NonBlocking": "no", "NotifyAccess": "none", "OOMPolicy": "stop", "OOMScoreAdjust": "0", "OnFailureJobMode": "replace", "OnSuccessJobMode": "fail", "Perpetual": "no", "PrivateDevices": "no", "PrivateIPC": "no", "PrivateMounts": "no", "PrivateNetwork": "no", "PrivateTmp": "no", "PrivateUsers": "no", "ProcSubset": "all", "ProtectClock": "no", "ProtectControlGroups": "no", "ProtectHome": "no", "ProtectHostname": "no", "ProtectKernelLogs": "no", "ProtectKernelModules": "no", "ProtectKernelTunables": "no", "ProtectProc": "default", "ProtectSystem": "no", "RefuseManualStart": "no", "RefuseManualStop": "no", "ReloadResult": "success", "ReloadSignal": "1", "RemainAfterExit": "no", "RemoveIPC": "no", "Requires": "sysinit.target system.slice", "Restart": "no", "RestartKillSignal": "15", "RestartMaxDelayUSec": "infinity", "RestartMode": "normal", "RestartSteps": "0", "RestartUSec": "100ms", "RestartUSecNext": "100ms", "RestrictNamespaces": "no", "RestrictRealtime": "no", "RestrictSUIDSGID": "no", "Result": "success", "RootDirectoryStartOnly": "no", "RootEphemeral": "no", "RootImagePolicy": "root=verity+signed+encrypted+unprotected+absent:usr=verity+signed+encrypted+unprotected+absent:home=encrypted+unprotected+absent:srv=encrypted+unprotected+absent:tmp=encrypted+unprotected+absent:var=encrypted+unprotected+absent", "RuntimeDirectoryMode": "0755", "RuntimeDirectoryPreserve": "no", "RuntimeMaxUSec": "infinity", "RuntimeRandomizedExtraUSec": "0", "SameProcessGroup": "no", "SecureBits": "0", "SendSIGHUP": "no", "SendSIGKILL": "yes", "SetLoginEnvironment": "no", "Slice": "system.slice", "StandardError": "inherit", "StandardInput": "null", "StandardOutput": "journal", "StartLimitAction": "none", "StartLimitBurst": "5", "StartLimitIntervalUSec": "10s", "StartupBlockIOWeight": "[not set]", "StartupCPUShares": "[not set]", "StartupCPUWeight": "[not set]", "StartupIOWeight": "[not set]", "StartupMemoryHigh": "infinity", "StartupMemoryLow": "0", "StartupMemoryMax": "infinity", "StartupMemorySwapMax": "infinity", "StartupMemoryZSwapMax": "infinity", "StateChangeTimestampMonotonic": "0", "StateDirectoryMode": "0755", "StatusErrno": "0", "StopWhenUnneeded": "no", "SubState": "dead", "SuccessAction": "none", "SurviveFinalKillSignal": "no", "SyslogFacility": "3", "SyslogLevel": "6", "SyslogLevelPrefix": "yes", "SyslogPriority": "30", "SystemCallErrorNumber": "2147483646", "TTYReset": "no", "TTYVHangup": "no", "TTYVTDisallocate": "no", "TasksAccounting": "yes", "TasksCurrent": "[not set]", "TasksMax": "2316", "TimeoutAbortUSec": "1min 30s", "TimeoutCleanUSec": "infinity", "TimeoutStartFailureMode": "terminate", "TimeoutStartUSec": "infinity", "TimeoutStopFailureMode": "terminate", "TimeoutStopUSec": "1min 30s", "TimerSlackNSec": "50000", "Transient": "no", "Type": "oneshot", "UID": "[not set]", "UMask": "0022", "UnitFilePreset": "enabled", "UnitFileState": "disabled", "UtmpMode": "init", "Wants": "network-online.target", "WatchdogSignal": "6", "WatchdogTimestampMonotonic": "0", "WatchdogUSec": "infinity"}}

TASK [target : Enable and start local inventory timer] *************************
task path: /app/ansible_repo/provisioning/roles/target/tasks/main.yml:125
changed: [target] => {"changed": true, "enabled": true, "name": "local-inventory.timer", "state": "started", "status": {"AccuracyUSec": "1min", "ActiveEnterTimestampMonotonic": "0", "ActiveExitTimestampMonotonic": "0", "ActiveState": "inactive", "After": "sysinit.target", "AllowIsolate": "no", "AssertResult": "no", "AssertTimestampMonotonic": "0", "Before": "timers.target local-inventory.service shutdown.target", "CanFreeze": "no", "CanIsolate": "no", "CanReload": "no", "CanStart": "yes", "CanStop": "yes", "CollectMode": "inactive", "ConditionResult": "no", "ConditionTimestampMonotonic": "0", "Conflicts": "shutdown.target", "DefaultDependencies": "yes", "Description": "Run local inventory periodically", "FailureAction": "none", "FixedRandomDelay": "no", "FragmentPath": "/etc/systemd/system/local-inventory.timer", "FreezerState": "running", "Id": "local-inventory.timer", "IgnoreOnIsolate": "no", "InactiveEnterTimestampMonotonic": "0", "InactiveExitTimestampMonotonic": "0", "JobRunningTimeoutUSec": "infinity", "JobTimeoutAction": "none", "JobTimeoutUSec": "infinity", "LastTriggerUSecMonotonic": "0", "LoadState": "loaded", "Names": "local-inventory.timer", "NeedDaemonReload": "no", "NextElapseUSecMonotonic": "infinity", "OnClockChange": "no", "OnFailureJobMode": "replace", "OnSuccessJobMode": "fail", "OnTimezoneChange": "no", "Perpetual": "no", "Persistent": "no", "RandomizedDelayUSec": "0", "RefuseManualStart": "no", "RefuseManualStop": "no", "RemainAfterElapse": "yes", "Requires": "sysinit.target", "Result": "success", "StartLimitAction": "none", "StartLimitBurst": "5", "StartLimitIntervalUSec": "10s", "StateChangeTimestampMonotonic": "0", "StopWhenUnneeded": "no", "SubState": "dead", "SuccessAction": "none", "SurviveFinalKillSignal": "no", "TimersMonotonic": "{ OnBootUSec=2min ; next_elapse=0 }", "Transient": "no", "Triggers": "local-inventory.service", "Unit": "local-inventory.service", "UnitFilePreset": "enabled", "UnitFileState": "disabled", "WakeSystem": "no"}}

TASK [user-access : include_vars] **********************************************
task path: /app/ansible_repo/provisioning/roles/user-access/tasks/main.yml:1
ok: [target] => {"ansible_facts": {"user_access_ssh_service": "sshd", "user_access_sshd_config": "/etc/ssh/sshd_config", "user_access_systemd_unit": "ssh"}, "ansible_included_var_files": ["/app/ansible_repo/provisioning/roles/user-access/vars/Debian.yml"], "changed": false}

TASK [user-access : include_tasks] *********************************************
task path: /app/ansible_repo/provisioning/roles/user-access/tasks/main.yml:3
redirecting (type: modules) ansible.builtin.authorized_key to ansible.posix.authorized_key
included: /app/ansible_repo/provisioning/roles/user-access/tasks/create_user.yml for target

TASK [user-access : ensure existence of user] **********************************
task path: /app/ansible_repo/provisioning/roles/user-access/tasks/create_user.yml:1
ok: [target] => {"append": false, "changed": false, "comment": "", "group": 1001, "home": "/home/cyrano", "move_home": false, "name": "cyrano", "shell": "/bin/bash", "state": "present", "uid": 1001}

TASK [user-access : Enforce owner & group on directory] ************************
task path: /app/ansible_repo/provisioning/roles/user-access/tasks/create_user.yml:6
changed: [target] => {"changed": true, "gid": 1001, "group": "cyrano", "mode": "0750", "owner": "cyrano", "path": "/home/cyrano", "size": 4096, "state": "directory", "uid": 1001}

TASK [user-access : ensure existence of SSH directory] *************************
task path: /app/ansible_repo/provisioning/roles/user-access/tasks/create_user.yml:14
changed: [target] => {"changed": true, "gid": 1001, "group": "cyrano", "mode": "0700", "owner": "cyrano", "path": "/home/cyrano/.ssh", "size": 4096, "state": "directory", "uid": 1001}

TASK [user-access : add public key to authorized keys] *************************
task path: /app/ansible_repo/provisioning/roles/user-access/tasks/create_user.yml:22
redirecting (type: modules) ansible.builtin.authorized_key to ansible.posix.authorized_key
redirecting (type: modules) ansible.builtin.authorized_key to ansible.posix.authorized_key
changed: [target] => {"changed": true, "comment": null, "exclusive": false, "follow": false, "key": "ssh-rsa AAAAB3NzaC1yc2EAAAADAQABAAABAQCwNG/uUGVfp6m2YmmkDl8UKSrIvyDsUlDY+D9+ENgEzI9nyHiWQtMH3rlvAFoTFMl6SEh/o0T2HSqKl/i704KBQpNUtSrohCStb3I5T1HjTj7Nby/WsYdgFlNeGrlUkMJeL+YcQZQ/amuyhXS+UZ0kIFVcmYb12z8vatjaSCzKFulwlByXQF+bONQ4KJAG7y6CW+4WUPxLkRiB+k900gH4rxJa1mk/dmmSUeg4aiQELuGxZIcBQ3FiORW6noEYgRhHXRireChkCWtHfOuFRxQBxFT/61gcXp7qOcCkA4yjOP8Ks8A3zTE+9YOBTfAiHdIGNexhcpiskUwaX7OMRKST", "key_options": "", "keyfile": "/home/cyrano/.ssh/authorized_keys", "manage_dir": true, "path": null, "state": "present", "user": "cyrano", "validate_certs": true}

TASK [user-access : set password if defined] ***********************************
task path: /app/ansible_repo/provisioning/roles/user-access/tasks/create_user.yml:29
changed: [target] => {"append": false, "changed": true, "comment": "", "group": 1001, "home": "/home/cyrano", "move_home": false, "name": "cyrano", "password": "NOT_LOGGING_PASSWORD", "shell": "/bin/bash", "state": "present", "uid": 1001}

TASK [user-access : Add ChallengeResponse and PasswordAuthentication config] ***
task path: /app/ansible_repo/provisioning/roles/user-access/tasks/create_user.yml:35
Notification for handler Reload SSH service has been saved.
changed: [target] => {"changed": true, "msg": "File created"}

TASK [user-access : Remove ChallengeResponseAuthentication from main sshd_config] ***
task path: /app/ansible_repo/provisioning/roles/user-access/tasks/create_user.yml:45
ok: [target] => {"backup": "", "changed": false, "found": 0, "msg": ""}

TASK [user-access : Remove PasswordAuthentication from main sshd_config] *******
task path: /app/ansible_repo/provisioning/roles/user-access/tasks/create_user.yml:52
Notification for handler Reload SSH service has been saved.
changed: [target] => {"backup": "", "changed": true, "found": 1, "msg": "1 line(s) removed"}

TASK [user-access : grant sudo if defined] *************************************
task path: /app/ansible_repo/provisioning/roles/user-access/tasks/create_user.yml:60
changed: [target] => {"backup": "", "changed": true, "msg": "line added"}

TASK [user-access : include_tasks] *********************************************
task path: /app/ansible_repo/provisioning/roles/user-access/tasks/main.yml:6
skipping: [target] => {"changed": false, "false_condition": "not user_access_present", "skip_reason": "Conditional result was False"}
NOTIFIED HANDLER user-access : Reload SSH service for target

RUNNING HANDLER [user-access : Reload SSH service] *****************************
task path: /app/ansible_repo/provisioning/roles/user-access/handlers/main.yml:1
included: /app/ansible_repo/provisioning/roles/user-access/tasks/reload_ssh.yml for target

RUNNING HANDLER [user-access : Reload SSH service for non-systemd systems] *****
task path: /app/ansible_repo/provisioning/roles/user-access/tasks/reload_ssh.yml:1
skipping: [target] => {"changed": false, "false_condition": "ansible_facts['service_mgr'] | default('unknown') != 'systemd'", "skip_reason": "Conditional result was False"}

RUNNING HANDLER [user-access : Reload SSH service using systemd] ***************
task path: /app/ansible_repo/provisioning/roles/user-access/tasks/reload_ssh.yml:7
changed: [target] => {"changed": true, "name": "ssh", "state": "started", "status": {"ActiveEnterTimestamp": "Tue 2026-06-09 18:59:01 UTC", "ActiveEnterTimestampMonotonic": "28647535", "ActiveExitTimestampMonotonic": "0", "ActiveState": "active", "After": "network.target auditd.service -.mount basic.target systemd-journald.socket sysinit.target pollinate.service system.slice ssh.socket", "AllowIsolate": "no", "AssertResult": "yes", "AssertTimestamp": "Tue 2026-06-09 18:59:01 UTC", "AssertTimestampMonotonic": "28616643", "Before": "shutdown.target", "BlockIOAccounting": "no", "BlockIOWeight": "[not set]", "CPUAccounting": "yes", "CPUAffinityFromNUMA": "no", "CPUQuotaPerSecUSec": "infinity", "CPUQuotaPeriodUSec": "infinity", "CPUSchedulingPolicy": "0", "CPUSchedulingPriority": "0", "CPUSchedulingResetOnFork": "no", "CPUShares": "[not set]", "CPUUsageNSec": "85105000", "CPUWeight": "[not set]", "CacheDirectoryMode": "0755", "CanClean": "runtime", "CanFreeze": "yes", "CanIsolate": "no", "CanReload": "yes", "CanStart": "yes", "CanStop": "yes", "CapabilityBoundingSet": "cap_chown cap_dac_override cap_dac_read_search cap_fowner cap_fsetid cap_kill cap_setgid cap_setuid cap_setpcap cap_linux_immutable cap_net_bind_service cap_net_broadcast cap_net_admin cap_net_raw cap_ipc_lock cap_ipc_owner cap_sys_module cap_sys_rawio cap_sys_chroot cap_sys_ptrace cap_sys_pacct cap_sys_admin cap_sys_boot cap_sys_nice cap_sys_resource cap_sys_time cap_sys_tty_config cap_mknod cap_lease cap_audit_write cap_audit_control cap_setfcap cap_mac_override cap_mac_admin cap_syslog cap_wake_alarm cap_block_suspend cap_audit_read cap_perfmon cap_bpf cap_checkpoint_restore", "CleanResult": "success", "CollectMode": "inactive", "ConditionResult": "yes", "ConditionTimestamp": "Tue 2026-06-09 18:59:01 UTC", "ConditionTimestampMonotonic": "28616635", "ConfigurationDirectoryMode": "0755", "Conflicts": "shutdown.target", "ControlGroup": "/system.slice/ssh.service", "ControlGroupId": "3784", "ControlPID": "0", "CoredumpFilter": "0x33", "CoredumpReceive": "no", "DefaultDependencies": "yes", "DefaultMemoryLow": "0", "DefaultMemoryMin": "0", "DefaultStartupMemoryLow": "0", "Delegate": "no", "Description": "OpenBSD Secure Shell server", "DevicePolicy": "auto", "Documentation": "\"man:sshd(8)\" \"man:sshd_config(5)\"", "DynamicUser": "no", "EnvironmentFiles": "/etc/default/ssh (ignore_errors=yes)", "ExecMainCode": "0", "ExecMainExitTimestampMonotonic": "0", "ExecMainPID": "985", "ExecMainStartTimestamp": "Tue 2026-06-09 18:59:01 UTC", "ExecMainStartTimestampMonotonic": "28639136", "ExecMainStatus": "0", "ExecReload": "{ path=/bin/kill ; argv[]=/bin/kill -HUP $MAINPID ; ignore_errors=no ; start_time=[n/a] ; stop_time=[n/a] ; pid=0 ; code=(null) ; status=0/0 }", "ExecReloadEx": "{ path=/bin/kill ; argv[]=/bin/kill -HUP $MAINPID ; flags= ; start_time=[n/a] ; stop_time=[n/a] ; pid=0 ; code=(null) ; status=0/0 }", "ExecStart": "{ path=/usr/sbin/sshd ; argv[]=/usr/sbin/sshd -D $SSHD_OPTS ; ignore_errors=no ; start_time=[n/a] ; stop_time=[n/a] ; pid=0 ; code=(null) ; status=0/0 }", "ExecStartEx": "{ path=/usr/sbin/sshd ; argv[]=/usr/sbin/sshd -D $SSHD_OPTS ; flags= ; start_time=[n/a] ; stop_time=[n/a] ; pid=0 ; code=(null) ; status=0/0 }", "ExecStartPre": "{ path=/usr/sbin/sshd ; argv[]=/usr/sbin/sshd -t ; ignore_errors=no ; start_time=[n/a] ; stop_time=[n/a] ; pid=0 ; code=(null) ; status=0/0 }", "ExecStartPreEx": "{ path=/usr/sbin/sshd ; argv[]=/usr/sbin/sshd -t ; flags= ; start_time=[n/a] ; stop_time=[n/a] ; pid=0 ; code=(null) ; status=0/0 }", "ExitType": "main", "ExtensionImagePolicy": "root=verity+signed+encrypted+unprotected+absent:usr=verity+signed+encrypted+unprotected+absent:home=encrypted+unprotected+absent:srv=encrypted+unprotected+absent:tmp=encrypted+unprotected+absent:var=encrypted+unprotected+absent", "FailureAction": "none", "FileDescriptorStoreMax": "0", "FileDescriptorStorePreserve": "restart", "FinalKillSignal": "9", "FragmentPath": "/usr/lib/systemd/system/ssh.service", "FreezerState": "running", "GID": "[not set]", "GuessMainPID": "yes", "IOAccounting": "no", "IOReadBytes": "[not set]", "IOReadOperations": "[not set]", "IOSchedulingClass": "2", "IOSchedulingPriority": "4", "IOWeight": "[not set]", "IOWriteBytes": "[not set]", "IOWriteOperations": "[not set]", "IPAccounting": "no", "IPEgressBytes": "[no data]", "IPEgressPackets": "[no data]", "IPIngressBytes": "[no data]", "IPIngressPackets": "[no data]", "Id": "ssh.service", "IgnoreOnIsolate": "no", "IgnoreSIGPIPE": "yes", "InactiveEnterTimestampMonotonic": "0", "InactiveExitTimestamp": "Tue 2026-06-09 18:59:01 UTC", "InactiveExitTimestampMonotonic": "28622209", "InvocationID": "54530e7e1c654a30a124521bb7763942", "JobRunningTimeoutUSec": "infinity", "JobTimeoutAction": "none", "JobTimeoutUSec": "infinity", "KeyringMode": "private", "KillMode": "process", "KillSignal": "15", "LimitAS": "infinity", "LimitASSoft": "infinity", "LimitCORE": "infinity", "LimitCORESoft": "0", "LimitCPU": "infinity", "LimitCPUSoft": "infinity", "LimitDATA": "infinity", "LimitDATASoft": "infinity", "LimitFSIZE": "infinity", "LimitFSIZESoft": "infinity", "LimitLOCKS": "infinity", "LimitLOCKSSoft": "infinity", "LimitMEMLOCK": "8388608", "LimitMEMLOCKSoft": "8388608", "LimitMSGQUEUE": "819200", "LimitMSGQUEUESoft": "819200", "LimitNICE": "0", "LimitNICESoft": "0", "LimitNOFILE": "524288", "LimitNOFILESoft": "1024", "LimitNPROC": "7720", "LimitNPROCSoft": "7720", "LimitRSS": "infinity", "LimitRSSSoft": "infinity", "LimitRTPRIO": "0", "LimitRTPRIOSoft": "0", "LimitRTTIME": "infinity", "LimitRTTIMESoft": "infinity", "LimitSIGPENDING": "7720", "LimitSIGPENDINGSoft": "7720", "LimitSTACK": "infinity", "LimitSTACKSoft": "8388608", "LoadState": "loaded", "LockPersonality": "no", "LogLevelMax": "-1", "LogRateLimitBurst": "0", "LogRateLimitIntervalUSec": "0", "LogsDirectoryMode": "0755", "MainPID": "985", "ManagedOOMMemoryPressure": "auto", "ManagedOOMMemoryPressureLimit": "0", "ManagedOOMPreference": "none", "ManagedOOMSwap": "auto", "MemoryAccounting": "yes", "MemoryAvailable": "1736876032", "MemoryCurrent": "5095424", "MemoryDenyWriteExecute": "no", "MemoryHigh": "infinity", "MemoryKSM": "no", "MemoryLimit": "infinity", "MemoryLow": "0", "MemoryMax": "infinity", "MemoryMin": "0", "MemoryPeak": "5902336", "MemoryPressureThresholdUSec": "200ms", "MemoryPressureWatch": "auto", "MemorySwapCurrent": "0", "MemorySwapMax": "infinity", "MemorySwapPeak": "0", "MemoryZSwapCurrent": "0", "MemoryZSwapMax": "infinity", "MountAPIVFS": "no", "MountImagePolicy": "root=verity+signed+encrypted+unprotected+absent:usr=verity+signed+encrypted+unprotected+absent:home=encrypted+unprotected+absent:srv=encrypted+unprotected+absent:tmp=encrypted+unprotected+absent:var=encrypted+unprotected+absent", "NFileDescriptorStore": "0", "NRestarts": "0", "NUMAPolicy": "n/a", "Names": "ssh.service", "NeedDaemonReload": "no", "Nice": "0", "NoNewPrivileges": "no", "NonBlocking": "no", "NotifyAccess": "main", "OOMPolicy": "stop", "OOMScoreAdjust": "0", "OnFailureJobMode": "replace", "OnSuccessJobMode": "fail", "Perpetual": "no", "PrivateDevices": "no", "PrivateIPC": "no", "PrivateMounts": "no", "PrivateNetwork": "no", "PrivateTmp": "no", "PrivateUsers": "no", "ProcSubset": "all", "ProtectClock": "no", "ProtectControlGroups": "no", "ProtectHome": "no", "ProtectHostname": "no", "ProtectKernelLogs": "no", "ProtectKernelModules": "no", "ProtectKernelTunables": "no", "ProtectProc": "default", "ProtectSystem": "no", "RefuseManualStart": "no", "RefuseManualStop": "no", "ReloadResult": "success", "ReloadSignal": "1", "RemainAfterExit": "no", "RemoveIPC": "no", "Requires": "system.slice -.mount ssh.socket sysinit.target", "RequiresMountsFor": "/run/sshd", "Restart": "on-failure", "RestartKillSignal": "15", "RestartMaxDelayUSec": "infinity", "RestartMode": "normal", "RestartPreventExitStatus": "255", "RestartSteps": "0", "RestartUSec": "100ms", "RestartUSecNext": "100ms", "RestrictNamespaces": "no", "RestrictRealtime": "no", "RestrictSUIDSGID": "no", "Result": "success", "RootDirectoryStartOnly": "no", "RootEphemeral": "no", "RootImagePolicy": "root=verity+signed+encrypted+unprotected+absent:usr=verity+signed+encrypted+unprotected+absent:home=encrypted+unprotected+absent:srv=encrypted+unprotected+absent:tmp=encrypted+unprotected+absent:var=encrypted+unprotected+absent", "RuntimeDirectory": "sshd", "RuntimeDirectoryMode": "0755", "RuntimeDirectoryPreserve": "no", "RuntimeMaxUSec": "infinity", "RuntimeRandomizedExtraUSec": "0", "SameProcessGroup": "no", "SecureBits": "0", "SendSIGHUP": "no", "SendSIGKILL": "yes", "SetLoginEnvironment": "no", "Slice": "system.slice", "StandardError": "inherit", "StandardInput": "null", "StandardOutput": "journal", "StartLimitAction": "none", "StartLimitBurst": "5", "StartLimitIntervalUSec": "10s", "StartupBlockIOWeight": "[not set]", "StartupCPUShares": "[not set]", "StartupCPUWeight": "[not set]", "StartupIOWeight": "[not set]", "StartupMemoryHigh": "infinity", "StartupMemoryLow": "0", "StartupMemoryMax": "infinity", "StartupMemorySwapMax": "infinity", "StartupMemoryZSwapMax": "infinity", "StateChangeTimestamp": "Tue 2026-06-09 18:59:01 UTC", "StateChangeTimestampMonotonic": "28647535", "StateDirectoryMode": "0755", "StatusErrno": "0", "StopWhenUnneeded": "no", "SubState": "running", "SuccessAction": "none", "SurviveFinalKillSignal": "no", "SyslogFacility": "3", "SyslogLevel": "6", "SyslogLevelPrefix": "yes", "SyslogPriority": "30", "SystemCallErrorNumber": "2147483646", "TTYReset": "no", "TTYVHangup": "no", "TTYVTDisallocate": "no", "TasksAccounting": "yes", "TasksCurrent": "1", "TasksMax": "2316", "TimeoutAbortUSec": "1min 30s", "TimeoutCleanUSec": "infinity", "TimeoutStartFailureMode": "terminate", "TimeoutStartUSec": "1min 30s", "TimeoutStopFailureMode": "terminate", "TimeoutStopUSec": "1min 30s", "TimerSlackNSec": "50000", "Transient": "no", "TriggeredBy": "ssh.socket", "Type": "notify", "UID": "[not set]", "UMask": "0022", "UnitFilePreset": "enabled", "UnitFileState": "disabled", "UtmpMode": "init", "WatchdogSignal": "6", "WatchdogTimestampMonotonic": "0", "WatchdogUSec": "0"}}

PLAY [set up next-target] ******************************************************

TASK [Gathering Facts] *********************************************************
task path: /app/ansible_repo/provisioning/playbook.yml:24
ok: [next-target]

TASK [next-target : Add host aliases] ******************************************
task path: /app/ansible_repo/provisioning/roles/next-target/tasks/main.yml:2
changed: [next-target] => (item={'ip': '192.168.50.5', 'name': 'target'}) => {"ansible_loop_var": "item", "backup": "", "changed": true, "item": {"ip": "192.168.50.5", "name": "target"}, "msg": "line added"}
changed: [next-target] => (item={'ip': '192.168.40.5', 'name': 'c2-server'}) => {"ansible_loop_var": "item", "backup": "", "changed": true, "item": {"ip": "192.168.40.5", "name": "c2-server"}, "msg": "line added"}
changed: [next-target] => (item={'ip': '192.168.50.6', 'name': 'next-target'}) => {"ansible_loop_var": "item", "backup": "", "changed": true, "item": {"ip": "192.168.50.6", "name": "next-target"}, "msg": "line added"}

TASK [next-target : Add user and set password] *********************************
task path: /app/ansible_repo/provisioning/roles/next-target/tasks/main.yml:9
changed: [next-target] => {"changed": true, "comment": "", "create_home": true, "group": 1001, "home": "/home/cyrano", "name": "cyrano", "password": "NOT_LOGGING_PASSWORD", "shell": "/bin/bash", "state": "present", "system": false, "uid": 1001}

TASK [next-target : Reset password using command line] *************************
task path: /app/ansible_repo/provisioning/roles/next-target/tasks/main.yml:16
changed: [next-target] => {"changed": true, "cmd": ["chpasswd"], "delta": "0:00:00.029894", "end": "2026-06-09 19:02:54.731793", "msg": "", "rc": 0, "start": "2026-06-09 19:02:54.701899", "stderr": "", "stderr_lines": [], "stdout": "", "stdout_lines": []}

TASK [next-target : Place flags] ***********************************************
task path: /app/ansible_repo/provisioning/roles/next-target/tasks/main.yml:21
changed: [next-target] => (item={'dest': '/home/cyrano/flag1.txt', 'owner': 'cyrano', 'content': 'Flag1\n'}) => {"ansible_loop_var": "item", "changed": true, "checksum": "77383ee82f6230aea26deeb185bc64ccd1fd99a4", "dest": "/home/cyrano/flag1.txt", "gid": 0, "group": "root", "item": {"content": "Flag1\n", "dest": "/home/cyrano/flag1.txt", "owner": "cyrano"}, "md5sum": "ba17f06b2eb2f9201c84a6674b1e9f81", "mode": "0600", "owner": "cyrano", "size": 6, "src": "/home/ubuntu/.ansible/tmp/ansible-tmp-1781031774.8843148-531-90879106941126/source", "state": "file", "uid": 1001}

PLAY [Generate SSH key on target and trust next-target] ************************

TASK [Gathering Facts] *********************************************************
task path: /app/ansible_repo/provisioning/playbook.yml:30
ok: [target]

TASK [ssh_access : Ensure SSH client is installed] *****************************
task path: /app/ansible_repo/provisioning/roles/ssh_access/tasks/main.yml:2
ok: [target] => {"cache_update_time": 1781031777, "cache_updated": true, "changed": false}

TASK [ssh_access : Ensure SSH server is installed] *****************************
task path: /app/ansible_repo/provisioning/roles/ssh_access/tasks/main.yml:8
ok: [target] => {"cache_update_time": 1781031777, "cache_updated": false, "changed": false}

TASK [ssh_access : Ensure SSH service is running] ******************************
task path: /app/ansible_repo/provisioning/roles/ssh_access/tasks/main.yml:13
changed: [target] => {"changed": true, "enabled": true, "name": "ssh", "state": "started", "status": {"ActiveEnterTimestamp": "Tue 2026-06-09 18:59:01 UTC", "ActiveEnterTimestampMonotonic": "28647535", "ActiveExitTimestampMonotonic": "0", "ActiveState": "active", "After": "network.target auditd.service -.mount basic.target systemd-journald.socket sysinit.target pollinate.service system.slice ssh.socket", "AllowIsolate": "no", "AssertResult": "yes", "AssertTimestamp": "Tue 2026-06-09 18:59:01 UTC", "AssertTimestampMonotonic": "28616643", "Before": "shutdown.target", "BlockIOAccounting": "no", "BlockIOWeight": "[not set]", "CPUAccounting": "yes", "CPUAffinityFromNUMA": "no", "CPUQuotaPerSecUSec": "infinity", "CPUQuotaPeriodUSec": "infinity", "CPUSchedulingPolicy": "0", "CPUSchedulingPriority": "0", "CPUSchedulingResetOnFork": "no", "CPUShares": "[not set]", "CPUUsageNSec": "99478000", "CPUWeight": "[not set]", "CacheDirectoryMode": "0755", "CanClean": "runtime", "CanFreeze": "yes", "CanIsolate": "no", "CanReload": "yes", "CanStart": "yes", "CanStop": "yes", "CapabilityBoundingSet": "cap_chown cap_dac_override cap_dac_read_search cap_fowner cap_fsetid cap_kill cap_setgid cap_setuid cap_setpcap cap_linux_immutable cap_net_bind_service cap_net_broadcast cap_net_admin cap_net_raw cap_ipc_lock cap_ipc_owner cap_sys_module cap_sys_rawio cap_sys_chroot cap_sys_ptrace cap_sys_pacct cap_sys_admin cap_sys_boot cap_sys_nice cap_sys_resource cap_sys_time cap_sys_tty_config cap_mknod cap_lease cap_audit_write cap_audit_control cap_setfcap cap_mac_override cap_mac_admin cap_syslog cap_wake_alarm cap_block_suspend cap_audit_read cap_perfmon cap_bpf cap_checkpoint_restore", "CleanResult": "success", "CollectMode": "inactive", "ConditionResult": "yes", "ConditionTimestamp": "Tue 2026-06-09 18:59:01 UTC", "ConditionTimestampMonotonic": "28616635", "ConfigurationDirectoryMode": "0755", "Conflicts": "shutdown.target", "ControlGroup": "/system.slice/ssh.service", "ControlGroupId": "3784", "ControlPID": "0", "CoredumpFilter": "0x33", "CoredumpReceive": "no", "DefaultDependencies": "yes", "DefaultMemoryLow": "0", "DefaultMemoryMin": "0", "DefaultStartupMemoryLow": "0", "Delegate": "no", "Description": "OpenBSD Secure Shell server", "DevicePolicy": "auto", "Documentation": "\"man:sshd(8)\" \"man:sshd_config(5)\"", "DynamicUser": "no", "EnvironmentFiles": "/etc/default/ssh (ignore_errors=yes)", "ExecMainCode": "0", "ExecMainExitTimestampMonotonic": "0", "ExecMainPID": "985", "ExecMainStartTimestamp": "Tue 2026-06-09 18:59:01 UTC", "ExecMainStartTimestampMonotonic": "28639136", "ExecMainStatus": "0", "ExecReload": "{ path=/bin/kill ; argv[]=/bin/kill -HUP $MAINPID ; ignore_errors=no ; start_time=[Tue 2026-06-09 19:02:51 UTC] ; stop_time=[Tue 2026-06-09 19:02:51 UTC] ; pid=3264 ; code=exited ; status=0 }", "ExecReloadEx": "{ path=/bin/kill ; argv[]=/bin/kill -HUP $MAINPID ; flags= ; start_time=[Tue 2026-06-09 19:02:51 UTC] ; stop_time=[Tue 2026-06-09 19:02:51 UTC] ; pid=3264 ; code=exited ; status=0 }", "ExecStart": "{ path=/usr/sbin/sshd ; argv[]=/usr/sbin/sshd -D $SSHD_OPTS ; ignore_errors=no ; start_time=[n/a] ; stop_time=[n/a] ; pid=0 ; code=(null) ; status=0/0 }", "ExecStartEx": "{ path=/usr/sbin/sshd ; argv[]=/usr/sbin/sshd -D $SSHD_OPTS ; flags= ; start_time=[n/a] ; stop_time=[n/a] ; pid=0 ; code=(null) ; status=0/0 }", "ExecStartPre": "{ path=/usr/sbin/sshd ; argv[]=/usr/sbin/sshd -t ; ignore_errors=no ; start_time=[n/a] ; stop_time=[n/a] ; pid=0 ; code=(null) ; status=0/0 }", "ExecStartPreEx": "{ path=/usr/sbin/sshd ; argv[]=/usr/sbin/sshd -t ; flags= ; start_time=[n/a] ; stop_time=[n/a] ; pid=0 ; code=(null) ; status=0/0 }", "ExitType": "main", "ExtensionImagePolicy": "root=verity+signed+encrypted+unprotected+absent:usr=verity+signed+encrypted+unprotected+absent:home=encrypted+unprotected+absent:srv=encrypted+unprotected+absent:tmp=encrypted+unprotected+absent:var=encrypted+unprotected+absent", "FailureAction": "none", "FileDescriptorStoreMax": "0", "FileDescriptorStorePreserve": "restart", "FinalKillSignal": "9", "FragmentPath": "/usr/lib/systemd/system/ssh.service", "FreezerState": "running", "GID": "[not set]", "GuessMainPID": "yes", "IOAccounting": "no", "IOReadBytes": "[not set]", "IOReadOperations": "[not set]", "IOSchedulingClass": "2", "IOSchedulingPriority": "4", "IOWeight": "[not set]", "IOWriteBytes": "[not set]", "IOWriteOperations": "[not set]", "IPAccounting": "no", "IPEgressBytes": "[no data]", "IPEgressPackets": "[no data]", "IPIngressBytes": "[no data]", "IPIngressPackets": "[no data]", "Id": "ssh.service", "IgnoreOnIsolate": "no", "IgnoreSIGPIPE": "yes", "InactiveEnterTimestampMonotonic": "0", "InactiveExitTimestamp": "Tue 2026-06-09 18:59:01 UTC", "InactiveExitTimestampMonotonic": "28622209", "InvocationID": "54530e7e1c654a30a124521bb7763942", "JobRunningTimeoutUSec": "infinity", "JobTimeoutAction": "none", "JobTimeoutUSec": "infinity", "KeyringMode": "private", "KillMode": "process", "KillSignal": "15", "LimitAS": "infinity", "LimitASSoft": "infinity", "LimitCORE": "infinity", "LimitCORESoft": "0", "LimitCPU": "infinity", "LimitCPUSoft": "infinity", "LimitDATA": "infinity", "LimitDATASoft": "infinity", "LimitFSIZE": "infinity", "LimitFSIZESoft": "infinity", "LimitLOCKS": "infinity", "LimitLOCKSSoft": "infinity", "LimitMEMLOCK": "8388608", "LimitMEMLOCKSoft": "8388608", "LimitMSGQUEUE": "819200", "LimitMSGQUEUESoft": "819200", "LimitNICE": "0", "LimitNICESoft": "0", "LimitNOFILE": "524288", "LimitNOFILESoft": "1024", "LimitNPROC": "7720", "LimitNPROCSoft": "7720", "LimitRSS": "infinity", "LimitRSSSoft": "infinity", "LimitRTPRIO": "0", "LimitRTPRIOSoft": "0", "LimitRTTIME": "infinity", "LimitRTTIMESoft": "infinity", "LimitSIGPENDING": "7720", "LimitSIGPENDINGSoft": "7720", "LimitSTACK": "infinity", "LimitSTACKSoft": "8388608", "LoadState": "loaded", "LockPersonality": "no", "LogLevelMax": "-1", "LogRateLimitBurst": "0", "LogRateLimitIntervalUSec": "0", "LogsDirectoryMode": "0755", "MainPID": "985", "ManagedOOMMemoryPressure": "auto", "ManagedOOMMemoryPressureLimit": "0", "ManagedOOMPreference": "none", "ManagedOOMSwap": "auto", "MemoryAccounting": "yes", "MemoryAvailable": "1700233216", "MemoryCurrent": "5120000", "MemoryDenyWriteExecute": "no", "MemoryHigh": "infinity", "MemoryKSM": "no", "MemoryLimit": "infinity", "MemoryLow": "0", "MemoryMax": "infinity", "MemoryMin": "0", "MemoryPeak": "6545408", "MemoryPressureThresholdUSec": "200ms", "MemoryPressureWatch": "auto", "MemorySwapCurrent": "0", "MemorySwapMax": "infinity", "MemorySwapPeak": "0", "MemoryZSwapCurrent": "0", "MemoryZSwapMax": "infinity", "MountAPIVFS": "no", "MountImagePolicy": "root=verity+signed+encrypted+unprotected+absent:usr=verity+signed+encrypted+unprotected+absent:home=encrypted+unprotected+absent:srv=encrypted+unprotected+absent:tmp=encrypted+unprotected+absent:var=encrypted+unprotected+absent", "NFileDescriptorStore": "0", "NRestarts": "0", "NUMAPolicy": "n/a", "Names": "ssh.service", "NeedDaemonReload": "no", "Nice": "0", "NoNewPrivileges": "no", "NonBlocking": "no", "NotifyAccess": "main", "OOMPolicy": "stop", "OOMScoreAdjust": "0", "OnFailureJobMode": "replace", "OnSuccessJobMode": "fail", "Perpetual": "no", "PrivateDevices": "no", "PrivateIPC": "no", "PrivateMounts": "no", "PrivateNetwork": "no", "PrivateTmp": "no", "PrivateUsers": "no", "ProcSubset": "all", "ProtectClock": "no", "ProtectControlGroups": "no", "ProtectHome": "no", "ProtectHostname": "no", "ProtectKernelLogs": "no", "ProtectKernelModules": "no", "ProtectKernelTunables": "no", "ProtectProc": "default", "ProtectSystem": "no", "RefuseManualStart": "no", "RefuseManualStop": "no", "ReloadResult": "success", "ReloadSignal": "1", "RemainAfterExit": "no", "RemoveIPC": "no", "Requires": "system.slice -.mount ssh.socket sysinit.target", "RequiresMountsFor": "/run/sshd", "Restart": "on-failure", "RestartKillSignal": "15", "RestartMaxDelayUSec": "infinity", "RestartMode": "normal", "RestartPreventExitStatus": "255", "RestartSteps": "0", "RestartUSec": "100ms", "RestartUSecNext": "100ms", "RestrictNamespaces": "no", "RestrictRealtime": "no", "RestrictSUIDSGID": "no", "Result": "success", "RootDirectoryStartOnly": "no", "RootEphemeral": "no", "RootImagePolicy": "root=verity+signed+encrypted+unprotected+absent:usr=verity+signed+encrypted+unprotected+absent:home=encrypted+unprotected+absent:srv=encrypted+unprotected+absent:tmp=encrypted+unprotected+absent:var=encrypted+unprotected+absent", "RuntimeDirectory": "sshd", "RuntimeDirectoryMode": "0755", "RuntimeDirectoryPreserve": "no", "RuntimeMaxUSec": "infinity", "RuntimeRandomizedExtraUSec": "0", "SameProcessGroup": "no", "SecureBits": "0", "SendSIGHUP": "no", "SendSIGKILL": "yes", "SetLoginEnvironment": "no", "Slice": "system.slice", "StandardError": "inherit", "StandardInput": "null", "StandardOutput": "journal", "StartLimitAction": "none", "StartLimitBurst": "5", "StartLimitIntervalUSec": "10s", "StartupBlockIOWeight": "[not set]", "StartupCPUShares": "[not set]", "StartupCPUWeight": "[not set]", "StartupIOWeight": "[not set]", "StartupMemoryHigh": "infinity", "StartupMemoryLow": "0", "StartupMemoryMax": "infinity", "StartupMemorySwapMax": "infinity", "StartupMemoryZSwapMax": "infinity", "StateChangeTimestamp": "Tue 2026-06-09 19:02:51 UTC", "StateChangeTimestampMonotonic": "258011104", "StateDirectoryMode": "0755", "StatusErrno": "0", "StopWhenUnneeded": "no", "SubState": "running", "SuccessAction": "none", "SurviveFinalKillSignal": "no", "SyslogFacility": "3", "SyslogLevel": "6", "SyslogLevelPrefix": "yes", "SyslogPriority": "30", "SystemCallErrorNumber": "2147483646", "TTYReset": "no", "TTYVHangup": "no", "TTYVTDisallocate": "no", "TasksAccounting": "yes", "TasksCurrent": "1", "TasksMax": "2316", "TimeoutAbortUSec": "1min 30s", "TimeoutCleanUSec": "infinity", "TimeoutStartFailureMode": "terminate", "TimeoutStartUSec": "1min 30s", "TimeoutStopFailureMode": "terminate", "TimeoutStopUSec": "1min 30s", "TimerSlackNSec": "50000", "Transient": "no", "TriggeredBy": "ssh.socket", "Type": "notify", "UID": "[not set]", "UMask": "0022", "UnitFilePreset": "enabled", "UnitFileState": "disabled", "UtmpMode": "init", "WatchdogSignal": "6", "WatchdogTimestampMonotonic": "0", "WatchdogUSec": "0"}}

TASK [ssh_access : Ensure user exists] *****************************************
task path: /app/ansible_repo/provisioning/roles/ssh_access/tasks/main.yml:19
ok: [target] => {"append": false, "changed": false, "comment": "", "group": 1001, "home": "/home/cyrano", "move_home": false, "name": "cyrano", "shell": "/bin/bash", "state": "present", "uid": 1001}

TASK [ssh_access : Ensure .ssh directory exists] *******************************
task path: /app/ansible_repo/provisioning/roles/ssh_access/tasks/main.yml:25
ok: [target] => {"changed": false, "gid": 1001, "group": "cyrano", "mode": "0700", "owner": "cyrano", "path": "/home/cyrano/.ssh", "size": 4096, "state": "directory", "uid": 1001}

TASK [ssh_access : Generate SSH keypair] ***************************************
task path: /app/ansible_repo/provisioning/roles/ssh_access/tasks/main.yml:33
changed: [target] => {"changed": true, "comment": "", "filename": "/home/cyrano/.ssh/id_ed25519", "fingerprint": "SHA256:UdzGF91O/0pDDTjj1onGH8E0PA4CiKu5g0xrUEv0YP8", "public_key": "ssh-ed25519 AAAAC3NzaC1lZDI1NTE5AAAAICDYRIj6Hpx7myX5EhGSQJ0R5OE7igXWk5WZj/gzWWY5", "size": 256, "type": "ed25519"}

TASK [ssh_access : Read generated public key] **********************************
task path: /app/ansible_repo/provisioning/roles/ssh_access/tasks/main.yml:42
ok: [target] => {"changed": false, "content": "c3NoLWVkMjU1MTkgQUFBQUMzTnphQzFsWkRJMU5URTVBQUFBSUNEWVJJajZIcHg3bXlYNUVoR1NRSjBSNU9FN2lnWFdrNVdaai9neldXWTUgCg==", "encoding": "base64", "source": "/home/cyrano/.ssh/id_ed25519.pub"}

TASK [ssh_access : Expose decoded public key as fact] **************************
task path: /app/ansible_repo/provisioning/roles/ssh_access/tasks/main.yml:47
ok: [target] => {"ansible_facts": {"ssh_public_key_decoded": "ssh-ed25519 AAAAC3NzaC1lZDI1NTE5AAAAICDYRIj6Hpx7myX5EhGSQJ0R5OE7igXWk5WZj/gzWWY5 \n"}, "changed": false}

TASK [ssh_access : Scan SSH host keys] *****************************************
task path: /app/ansible_repo/provisioning/roles/ssh_access/tasks/main.yml:51
ok: [target] => (item=next-target) => {"ansible_loop_var": "item", "changed": false, "cmd": ["ssh-keyscan", "-H", "-t", "ed25519", "next-target"], "delta": "0:00:00.054843", "end": "2026-06-09 19:03:03.043533", "item": "next-target", "msg": "", "rc": 0, "start": "2026-06-09 19:03:02.988690", "stderr": "# next-target:22 SSH-2.0-OpenSSH_9.6p1 Ubuntu-3ubuntu13.15", "stderr_lines": ["# next-target:22 SSH-2.0-OpenSSH_9.6p1 Ubuntu-3ubuntu13.15"], "stdout": "|1|zfKlePsGvtLu6lkARAAHFyTV0Ro=|dewVm0B89dwgwssMZsYnTSa8aKw= ssh-ed25519 AAAAC3NzaC1lZDI1NTE5AAAAIEOZUvp9pNsiFgZ9q/saKzYDczncn0Ax3a0fOtyd/JqW", "stdout_lines": ["|1|zfKlePsGvtLu6lkARAAHFyTV0Ro=|dewVm0B89dwgwssMZsYnTSa8aKw= ssh-ed25519 AAAAC3NzaC1lZDI1NTE5AAAAIEOZUvp9pNsiFgZ9q/saKzYDczncn0Ax3a0fOtyd/JqW"]}

TASK [ssh_access : Add scanned hosts to known_hosts] ***************************
task path: /app/ansible_repo/provisioning/roles/ssh_access/tasks/main.yml:57
changed: [target] => (item={'changed': False, 'stdout': '|1|zfKlePsGvtLu6lkARAAHFyTV0Ro=|dewVm0B89dwgwssMZsYnTSa8aKw= ssh-ed25519 AAAAC3NzaC1lZDI1NTE5AAAAIEOZUvp9pNsiFgZ9q/saKzYDczncn0Ax3a0fOtyd/JqW', 'stderr': '# next-target:22 SSH-2.0-OpenSSH_9.6p1 Ubuntu-3ubuntu13.15', 'rc': 0, 'cmd': ['ssh-keyscan', '-H', '-t', 'ed25519', 'next-target'], 'start': '2026-06-09 19:03:02.988690', 'end': '2026-06-09 19:03:03.043533', 'delta': '0:00:00.054843', 'msg': '', 'invocation': {'module_args': {'_raw_params': 'ssh-keyscan -H -t ed25519 next-target', '_uses_shell': False, 'expand_argument_vars': True, 'stdin_add_newline': True, 'strip_empty_ends': True, 'argv': None, 'chdir': None, 'executable': None, 'creates': None, 'removes': None, 'stdin': None}}, 'stdout_lines': ['|1|zfKlePsGvtLu6lkARAAHFyTV0Ro=|dewVm0B89dwgwssMZsYnTSa8aKw= ssh-ed25519 AAAAC3NzaC1lZDI1NTE5AAAAIEOZUvp9pNsiFgZ9q/saKzYDczncn0Ax3a0fOtyd/JqW'], 'stderr_lines': ['# next-target:22 SSH-2.0-OpenSSH_9.6p1 Ubuntu-3ubuntu13.15'], 'failed': False, 'item': 'next-target', 'ansible_loop_var': 'item'}) => {"ansible_loop_var": "item", "changed": true, "gid": 0, "group": "root", "hash_host": false, "item": {"ansible_loop_var": "item", "changed": false, "cmd": ["ssh-keyscan", "-H", "-t", "ed25519", "next-target"], "delta": "0:00:00.054843", "end": "2026-06-09 19:03:03.043533", "failed": false, "invocation": {"module_args": {"_raw_params": "ssh-keyscan -H -t ed25519 next-target", "_uses_shell": false, "argv": null, "chdir": null, "creates": null, "executable": null, "expand_argument_vars": true, "removes": null, "stdin": null, "stdin_add_newline": true, "strip_empty_ends": true}}, "item": "next-target", "msg": "", "rc": 0, "start": "2026-06-09 19:03:02.988690", "stderr": "# next-target:22 SSH-2.0-OpenSSH_9.6p1 Ubuntu-3ubuntu13.15", "stderr_lines": ["# next-target:22 SSH-2.0-OpenSSH_9.6p1 Ubuntu-3ubuntu13.15"], "stdout": "|1|zfKlePsGvtLu6lkARAAHFyTV0Ro=|dewVm0B89dwgwssMZsYnTSa8aKw= ssh-ed25519 AAAAC3NzaC1lZDI1NTE5AAAAIEOZUvp9pNsiFgZ9q/saKzYDczncn0Ax3a0fOtyd/JqW", "stdout_lines": ["|1|zfKlePsGvtLu6lkARAAHFyTV0Ro=|dewVm0B89dwgwssMZsYnTSa8aKw= ssh-ed25519 AAAAC3NzaC1lZDI1NTE5AAAAIEOZUvp9pNsiFgZ9q/saKzYDczncn0Ax3a0fOtyd/JqW"]}, "key": "|1|zfKlePsGvtLu6lkARAAHFyTV0Ro=|dewVm0B89dwgwssMZsYnTSa8aKw= ssh-ed25519 AAAAC3NzaC1lZDI1NTE5AAAAIEOZUvp9pNsiFgZ9q/saKzYDczncn0Ax3a0fOtyd/JqW", "mode": "0644", "name": "next-target", "owner": "root", "path": "/home/cyrano/.ssh/known_hosts", "size": 142, "state": "file", "uid": 0}

TASK [ssh_access : Ensure .ssh directory ownership is correct] *****************
task path: /app/ansible_repo/provisioning/roles/ssh_access/tasks/main.yml:66
changed: [target] => {"changed": true, "gid": 1001, "group": "cyrano", "mode": "0700", "owner": "cyrano", "path": "/home/cyrano/.ssh", "size": 4096, "state": "directory", "uid": 1001}

PLAY [Generate SSH key on next-target and trust target] ************************

TASK [Gathering Facts] *********************************************************
task path: /app/ansible_repo/provisioning/playbook.yml:40
ok: [next-target]

TASK [ssh_access : Ensure SSH client is installed] *****************************
task path: /app/ansible_repo/provisioning/roles/ssh_access/tasks/main.yml:2
ok: [next-target] => {"cache_update_time": 1781031792, "cache_updated": true, "changed": false}

TASK [ssh_access : Ensure SSH server is installed] *****************************
task path: /app/ansible_repo/provisioning/roles/ssh_access/tasks/main.yml:8
ok: [next-target] => {"cache_update_time": 1781031792, "cache_updated": false, "changed": false}

TASK [ssh_access : Ensure SSH service is running] ******************************
task path: /app/ansible_repo/provisioning/roles/ssh_access/tasks/main.yml:13
changed: [next-target] => {"changed": true, "enabled": true, "name": "ssh", "state": "started", "status": {"ActiveEnterTimestamp": "Tue 2026-06-09 18:59:01 UTC", "ActiveEnterTimestampMonotonic": "26603166", "ActiveExitTimestampMonotonic": "0", "ActiveState": "active", "After": "auditd.service system.slice ssh.socket pollinate.service -.mount network.target systemd-journald.socket basic.target sysinit.target", "AllowIsolate": "no", "AssertResult": "yes", "AssertTimestamp": "Tue 2026-06-09 18:59:01 UTC", "AssertTimestampMonotonic": "26574460", "Before": "shutdown.target", "BlockIOAccounting": "no", "BlockIOWeight": "[not set]", "CPUAccounting": "yes", "CPUAffinityFromNUMA": "no", "CPUQuotaPerSecUSec": "infinity", "CPUQuotaPeriodUSec": "infinity", "CPUSchedulingPolicy": "0", "CPUSchedulingPriority": "0", "CPUSchedulingResetOnFork": "no", "CPUShares": "[not set]", "CPUUsageNSec": "99210000", "CPUWeight": "[not set]", "CacheDirectoryMode": "0755", "CanClean": "runtime", "CanFreeze": "yes", "CanIsolate": "no", "CanReload": "yes", "CanStart": "yes", "CanStop": "yes", "CapabilityBoundingSet": "cap_chown cap_dac_override cap_dac_read_search cap_fowner cap_fsetid cap_kill cap_setgid cap_setuid cap_setpcap cap_linux_immutable cap_net_bind_service cap_net_broadcast cap_net_admin cap_net_raw cap_ipc_lock cap_ipc_owner cap_sys_module cap_sys_rawio cap_sys_chroot cap_sys_ptrace cap_sys_pacct cap_sys_admin cap_sys_boot cap_sys_nice cap_sys_resource cap_sys_time cap_sys_tty_config cap_mknod cap_lease cap_audit_write cap_audit_control cap_setfcap cap_mac_override cap_mac_admin cap_syslog cap_wake_alarm cap_block_suspend cap_audit_read cap_perfmon cap_bpf cap_checkpoint_restore", "CleanResult": "success", "CollectMode": "inactive", "ConditionResult": "yes", "ConditionTimestamp": "Tue 2026-06-09 18:59:01 UTC", "ConditionTimestampMonotonic": "26574450", "ConfigurationDirectoryMode": "0755", "Conflicts": "shutdown.target", "ControlGroup": "/system.slice/ssh.service", "ControlGroupId": "3784", "ControlPID": "0", "CoredumpFilter": "0x33", "CoredumpReceive": "no", "DefaultDependencies": "yes", "DefaultMemoryLow": "0", "DefaultMemoryMin": "0", "DefaultStartupMemoryLow": "0", "Delegate": "no", "Description": "OpenBSD Secure Shell server", "DevicePolicy": "auto", "Documentation": "\"man:sshd(8)\" \"man:sshd_config(5)\"", "DynamicUser": "no", "EnvironmentFiles": "/etc/default/ssh (ignore_errors=yes)", "ExecMainCode": "0", "ExecMainExitTimestampMonotonic": "0", "ExecMainPID": "993", "ExecMainStartTimestamp": "Tue 2026-06-09 18:59:01 UTC", "ExecMainStartTimestampMonotonic": "26595125", "ExecMainStatus": "0", "ExecReload": "{ path=/bin/kill ; argv[]=/bin/kill -HUP $MAINPID ; ignore_errors=no ; start_time=[n/a] ; stop_time=[n/a] ; pid=0 ; code=(null) ; status=0/0 }", "ExecReloadEx": "{ path=/bin/kill ; argv[]=/bin/kill -HUP $MAINPID ; flags= ; start_time=[n/a] ; stop_time=[n/a] ; pid=0 ; code=(null) ; status=0/0 }", "ExecStart": "{ path=/usr/sbin/sshd ; argv[]=/usr/sbin/sshd -D $SSHD_OPTS ; ignore_errors=no ; start_time=[n/a] ; stop_time=[n/a] ; pid=0 ; code=(null) ; status=0/0 }", "ExecStartEx": "{ path=/usr/sbin/sshd ; argv[]=/usr/sbin/sshd -D $SSHD_OPTS ; flags= ; start_time=[n/a] ; stop_time=[n/a] ; pid=0 ; code=(null) ; status=0/0 }", "ExecStartPre": "{ path=/usr/sbin/sshd ; argv[]=/usr/sbin/sshd -t ; ignore_errors=no ; start_time=[n/a] ; stop_time=[n/a] ; pid=0 ; code=(null) ; status=0/0 }", "ExecStartPreEx": "{ path=/usr/sbin/sshd ; argv[]=/usr/sbin/sshd -t ; flags= ; start_time=[n/a] ; stop_time=[n/a] ; pid=0 ; code=(null) ; status=0/0 }", "ExitType": "main", "ExtensionImagePolicy": "root=verity+signed+encrypted+unprotected+absent:usr=verity+signed+encrypted+unprotected+absent:home=encrypted+unprotected+absent:srv=encrypted+unprotected+absent:tmp=encrypted+unprotected+absent:var=encrypted+unprotected+absent", "FailureAction": "none", "FileDescriptorStoreMax": "0", "FileDescriptorStorePreserve": "restart", "FinalKillSignal": "9", "FragmentPath": "/usr/lib/systemd/system/ssh.service", "FreezerState": "running", "GID": "[not set]", "GuessMainPID": "yes", "IOAccounting": "no", "IOReadBytes": "[not set]", "IOReadOperations": "[not set]", "IOSchedulingClass": "2", "IOSchedulingPriority": "4", "IOWeight": "[not set]", "IOWriteBytes": "[not set]", "IOWriteOperations": "[not set]", "IPAccounting": "no", "IPEgressBytes": "[no data]", "IPEgressPackets": "[no data]", "IPIngressBytes": "[no data]", "IPIngressPackets": "[no data]", "Id": "ssh.service", "IgnoreOnIsolate": "no", "IgnoreSIGPIPE": "yes", "InactiveEnterTimestampMonotonic": "0", "InactiveExitTimestamp": "Tue 2026-06-09 18:59:01 UTC", "InactiveExitTimestampMonotonic": "26579395", "InvocationID": "c2d0e3f8929c412c9f668e029abbca32", "JobRunningTimeoutUSec": "infinity", "JobTimeoutAction": "none", "JobTimeoutUSec": "infinity", "KeyringMode": "private", "KillMode": "process", "KillSignal": "15", "LimitAS": "infinity", "LimitASSoft": "infinity", "LimitCORE": "infinity", "LimitCORESoft": "0", "LimitCPU": "infinity", "LimitCPUSoft": "infinity", "LimitDATA": "infinity", "LimitDATASoft": "infinity", "LimitFSIZE": "infinity", "LimitFSIZESoft": "infinity", "LimitLOCKS": "infinity", "LimitLOCKSSoft": "infinity", "LimitMEMLOCK": "8388608", "LimitMEMLOCKSoft": "8388608", "LimitMSGQUEUE": "819200", "LimitMSGQUEUESoft": "819200", "LimitNICE": "0", "LimitNICESoft": "0", "LimitNOFILE": "524288", "LimitNOFILESoft": "1024", "LimitNPROC": "7720", "LimitNPROCSoft": "7720", "LimitRSS": "infinity", "LimitRSSSoft": "infinity", "LimitRTPRIO": "0", "LimitRTPRIOSoft": "0", "LimitRTTIME": "infinity", "LimitRTTIMESoft": "infinity", "LimitSIGPENDING": "7720", "LimitSIGPENDINGSoft": "7720", "LimitSTACK": "infinity", "LimitSTACKSoft": "8388608", "LoadState": "loaded", "LockPersonality": "no", "LogLevelMax": "-1", "LogRateLimitBurst": "0", "LogRateLimitIntervalUSec": "0", "LogsDirectoryMode": "0755", "MainPID": "993", "ManagedOOMMemoryPressure": "auto", "ManagedOOMMemoryPressureLimit": "0", "ManagedOOMPreference": "none", "ManagedOOMSwap": "auto", "MemoryAccounting": "yes", "MemoryAvailable": "1627885568", "MemoryCurrent": "5087232", "MemoryDenyWriteExecute": "no", "MemoryHigh": "infinity", "MemoryKSM": "no", "MemoryLimit": "infinity", "MemoryLow": "0", "MemoryMax": "infinity", "MemoryMin": "0", "MemoryPeak": "6983680", "MemoryPressureThresholdUSec": "200ms", "MemoryPressureWatch": "auto", "MemorySwapCurrent": "0", "MemorySwapMax": "infinity", "MemorySwapPeak": "0", "MemoryZSwapCurrent": "0", "MemoryZSwapMax": "infinity", "MountAPIVFS": "no", "MountImagePolicy": "root=verity+signed+encrypted+unprotected+absent:usr=verity+signed+encrypted+unprotected+absent:home=encrypted+unprotected+absent:srv=encrypted+unprotected+absent:tmp=encrypted+unprotected+absent:var=encrypted+unprotected+absent", "NFileDescriptorStore": "0", "NRestarts": "0", "NUMAPolicy": "n/a", "Names": "ssh.service", "NeedDaemonReload": "no", "Nice": "0", "NoNewPrivileges": "no", "NonBlocking": "no", "NotifyAccess": "main", "OOMPolicy": "stop", "OOMScoreAdjust": "0", "OnFailureJobMode": "replace", "OnSuccessJobMode": "fail", "Perpetual": "no", "PrivateDevices": "no", "PrivateIPC": "no", "PrivateMounts": "no", "PrivateNetwork": "no", "PrivateTmp": "no", "PrivateUsers": "no", "ProcSubset": "all", "ProtectClock": "no", "ProtectControlGroups": "no", "ProtectHome": "no", "ProtectHostname": "no", "ProtectKernelLogs": "no", "ProtectKernelModules": "no", "ProtectKernelTunables": "no", "ProtectProc": "default", "ProtectSystem": "no", "RefuseManualStart": "no", "RefuseManualStop": "no", "ReloadResult": "success", "ReloadSignal": "1", "RemainAfterExit": "no", "RemoveIPC": "no", "Requires": "ssh.socket system.slice -.mount sysinit.target", "RequiresMountsFor": "/run/sshd", "Restart": "on-failure", "RestartKillSignal": "15", "RestartMaxDelayUSec": "infinity", "RestartMode": "normal", "RestartPreventExitStatus": "255", "RestartSteps": "0", "RestartUSec": "100ms", "RestartUSecNext": "100ms", "RestrictNamespaces": "no", "RestrictRealtime": "no", "RestrictSUIDSGID": "no", "Result": "success", "RootDirectoryStartOnly": "no", "RootEphemeral": "no", "RootImagePolicy": "root=verity+signed+encrypted+unprotected+absent:usr=verity+signed+encrypted+unprotected+absent:home=encrypted+unprotected+absent:srv=encrypted+unprotected+absent:tmp=encrypted+unprotected+absent:var=encrypted+unprotected+absent", "RuntimeDirectory": "sshd", "RuntimeDirectoryMode": "0755", "RuntimeDirectoryPreserve": "no", "RuntimeMaxUSec": "infinity", "RuntimeRandomizedExtraUSec": "0", "SameProcessGroup": "no", "SecureBits": "0", "SendSIGHUP": "no", "SendSIGKILL": "yes", "SetLoginEnvironment": "no", "Slice": "system.slice", "StandardError": "inherit", "StandardInput": "null", "StandardOutput": "journal", "StartLimitAction": "none", "StartLimitBurst": "5", "StartLimitIntervalUSec": "10s", "StartupBlockIOWeight": "[not set]", "StartupCPUShares": "[not set]", "StartupCPUWeight": "[not set]", "StartupIOWeight": "[not set]", "StartupMemoryHigh": "infinity", "StartupMemoryLow": "0", "StartupMemoryMax": "infinity", "StartupMemorySwapMax": "infinity", "StartupMemoryZSwapMax": "infinity", "StateChangeTimestamp": "Tue 2026-06-09 18:59:01 UTC", "StateChangeTimestampMonotonic": "26603166", "StateDirectoryMode": "0755", "StatusErrno": "0", "StopWhenUnneeded": "no", "SubState": "running", "SuccessAction": "none", "SurviveFinalKillSignal": "no", "SyslogFacility": "3", "SyslogLevel": "6", "SyslogLevelPrefix": "yes", "SyslogPriority": "30", "SystemCallErrorNumber": "2147483646", "TTYReset": "no", "TTYVHangup": "no", "TTYVTDisallocate": "no", "TasksAccounting": "yes", "TasksCurrent": "1", "TasksMax": "2316", "TimeoutAbortUSec": "1min 30s", "TimeoutCleanUSec": "infinity", "TimeoutStartFailureMode": "terminate", "TimeoutStartUSec": "1min 30s", "TimeoutStopFailureMode": "terminate", "TimeoutStopUSec": "1min 30s", "TimerSlackNSec": "50000", "Transient": "no", "TriggeredBy": "ssh.socket", "Type": "notify", "UID": "[not set]", "UMask": "0022", "UnitFilePreset": "enabled", "UnitFileState": "disabled", "UtmpMode": "init", "WatchdogSignal": "6", "WatchdogTimestampMonotonic": "0", "WatchdogUSec": "0"}}

TASK [ssh_access : Ensure user exists] *****************************************
task path: /app/ansible_repo/provisioning/roles/ssh_access/tasks/main.yml:19
ok: [next-target] => {"append": false, "changed": false, "comment": "", "group": 1001, "home": "/home/cyrano", "move_home": false, "name": "cyrano", "shell": "/bin/bash", "state": "present", "uid": 1001}

TASK [ssh_access : Ensure .ssh directory exists] *******************************
task path: /app/ansible_repo/provisioning/roles/ssh_access/tasks/main.yml:25
changed: [next-target] => {"changed": true, "gid": 1001, "group": "cyrano", "mode": "0700", "owner": "cyrano", "path": "/home/cyrano/.ssh", "size": 4096, "state": "directory", "uid": 1001}

TASK [ssh_access : Generate SSH keypair] ***************************************
task path: /app/ansible_repo/provisioning/roles/ssh_access/tasks/main.yml:33
changed: [next-target] => {"changed": true, "comment": "", "filename": "/home/cyrano/.ssh/id_ed25519", "fingerprint": "SHA256:EJyxoMOH7NBL8VfIP7mRvsVXA7MCJ9717iws5t9sroY", "public_key": "ssh-ed25519 AAAAC3NzaC1lZDI1NTE5AAAAIDIfpKDiTI4ll04mzbVpCSk6QoAw3wYQH+5+EA3Cq93F", "size": 256, "type": "ed25519"}

TASK [ssh_access : Read generated public key] **********************************
task path: /app/ansible_repo/provisioning/roles/ssh_access/tasks/main.yml:42
ok: [next-target] => {"changed": false, "content": "c3NoLWVkMjU1MTkgQUFBQUMzTnphQzFsWkRJMU5URTVBQUFBSURJZnBLRGlUSTRsbDA0bXpiVnBDU2s2UW9BdzN3WVFIKzUrRUEzQ3E5M0YgCg==", "encoding": "base64", "source": "/home/cyrano/.ssh/id_ed25519.pub"}

TASK [ssh_access : Expose decoded public key as fact] **************************
task path: /app/ansible_repo/provisioning/roles/ssh_access/tasks/main.yml:47
ok: [next-target] => {"ansible_facts": {"ssh_public_key_decoded": "ssh-ed25519 AAAAC3NzaC1lZDI1NTE5AAAAIDIfpKDiTI4ll04mzbVpCSk6QoAw3wYQH+5+EA3Cq93F \n"}, "changed": false}

TASK [ssh_access : Scan SSH host keys] *****************************************
task path: /app/ansible_repo/provisioning/roles/ssh_access/tasks/main.yml:51
ok: [next-target] => (item=target) => {"ansible_loop_var": "item", "changed": false, "cmd": ["ssh-keyscan", "-H", "-t", "ed25519", "target"], "delta": "0:00:00.056257", "end": "2026-06-09 19:03:20.756200", "item": "target", "msg": "", "rc": 0, "start": "2026-06-09 19:03:20.699943", "stderr": "# target:22 SSH-2.0-OpenSSH_9.6p1 Ubuntu-3ubuntu13.15", "stderr_lines": ["# target:22 SSH-2.0-OpenSSH_9.6p1 Ubuntu-3ubuntu13.15"], "stdout": "|1|XriDv0S6cbsd9BCOXGm96bhNaYY=|tY09FYByyBE6j3xoW2OWch3x/gM= ssh-ed25519 AAAAC3NzaC1lZDI1NTE5AAAAIKG+rOMxFTb6BtKaHM8t5HrqsuCJW2hTIgN0q43SLG5l", "stdout_lines": ["|1|XriDv0S6cbsd9BCOXGm96bhNaYY=|tY09FYByyBE6j3xoW2OWch3x/gM= ssh-ed25519 AAAAC3NzaC1lZDI1NTE5AAAAIKG+rOMxFTb6BtKaHM8t5HrqsuCJW2hTIgN0q43SLG5l"]}

TASK [ssh_access : Add scanned hosts to known_hosts] ***************************
task path: /app/ansible_repo/provisioning/roles/ssh_access/tasks/main.yml:57
changed: [next-target] => (item={'changed': False, 'stdout': '|1|XriDv0S6cbsd9BCOXGm96bhNaYY=|tY09FYByyBE6j3xoW2OWch3x/gM= ssh-ed25519 AAAAC3NzaC1lZDI1NTE5AAAAIKG+rOMxFTb6BtKaHM8t5HrqsuCJW2hTIgN0q43SLG5l', 'stderr': '# target:22 SSH-2.0-OpenSSH_9.6p1 Ubuntu-3ubuntu13.15', 'rc': 0, 'cmd': ['ssh-keyscan', '-H', '-t', 'ed25519', 'target'], 'start': '2026-06-09 19:03:20.699943', 'end': '2026-06-09 19:03:20.756200', 'delta': '0:00:00.056257', 'msg': '', 'invocation': {'module_args': {'_raw_params': 'ssh-keyscan -H -t ed25519 target', '_uses_shell': False, 'expand_argument_vars': True, 'stdin_add_newline': True, 'strip_empty_ends': True, 'argv': None, 'chdir': None, 'executable': None, 'creates': None, 'removes': None, 'stdin': None}}, 'stdout_lines': ['|1|XriDv0S6cbsd9BCOXGm96bhNaYY=|tY09FYByyBE6j3xoW2OWch3x/gM= ssh-ed25519 AAAAC3NzaC1lZDI1NTE5AAAAIKG+rOMxFTb6BtKaHM8t5HrqsuCJW2hTIgN0q43SLG5l'], 'stderr_lines': ['# target:22 SSH-2.0-OpenSSH_9.6p1 Ubuntu-3ubuntu13.15'], 'failed': False, 'item': 'target', 'ansible_loop_var': 'item'}) => {"ansible_loop_var": "item", "changed": true, "gid": 0, "group": "root", "hash_host": false, "item": {"ansible_loop_var": "item", "changed": false, "cmd": ["ssh-keyscan", "-H", "-t", "ed25519", "target"], "delta": "0:00:00.056257", "end": "2026-06-09 19:03:20.756200", "failed": false, "invocation": {"module_args": {"_raw_params": "ssh-keyscan -H -t ed25519 target", "_uses_shell": false, "argv": null, "chdir": null, "creates": null, "executable": null, "expand_argument_vars": true, "removes": null, "stdin": null, "stdin_add_newline": true, "strip_empty_ends": true}}, "item": "target", "msg": "", "rc": 0, "start": "2026-06-09 19:03:20.699943", "stderr": "# target:22 SSH-2.0-OpenSSH_9.6p1 Ubuntu-3ubuntu13.15", "stderr_lines": ["# target:22 SSH-2.0-OpenSSH_9.6p1 Ubuntu-3ubuntu13.15"], "stdout": "|1|XriDv0S6cbsd9BCOXGm96bhNaYY=|tY09FYByyBE6j3xoW2OWch3x/gM= ssh-ed25519 AAAAC3NzaC1lZDI1NTE5AAAAIKG+rOMxFTb6BtKaHM8t5HrqsuCJW2hTIgN0q43SLG5l", "stdout_lines": ["|1|XriDv0S6cbsd9BCOXGm96bhNaYY=|tY09FYByyBE6j3xoW2OWch3x/gM= ssh-ed25519 AAAAC3NzaC1lZDI1NTE5AAAAIKG+rOMxFTb6BtKaHM8t5HrqsuCJW2hTIgN0q43SLG5l"]}, "key": "|1|XriDv0S6cbsd9BCOXGm96bhNaYY=|tY09FYByyBE6j3xoW2OWch3x/gM= ssh-ed25519 AAAAC3NzaC1lZDI1NTE5AAAAIKG+rOMxFTb6BtKaHM8t5HrqsuCJW2hTIgN0q43SLG5l", "mode": "0644", "name": "target", "owner": "root", "path": "/home/cyrano/.ssh/known_hosts", "size": 142, "state": "file", "uid": 0}

TASK [ssh_access : Ensure .ssh directory ownership is correct] *****************
task path: /app/ansible_repo/provisioning/roles/ssh_access/tasks/main.yml:66
changed: [next-target] => {"changed": true, "gid": 1001, "group": "cyrano", "mode": "0700", "owner": "cyrano", "path": "/home/cyrano/.ssh", "size": 4096, "state": "directory", "uid": 1001}

PLAY [Authorize target key on next-target] *************************************

TASK [Gathering Facts] *********************************************************
task path: /app/ansible_repo/provisioning/playbook.yml:50
ok: [next-target]

TASK [Ensure cyrano user exists] ***********************************************
task path: /app/ansible_repo/provisioning/playbook.yml:54
ok: [next-target] => {"append": false, "changed": false, "comment": "", "group": 1001, "home": "/home/cyrano", "move_home": false, "name": "cyrano", "shell": "/bin/bash", "state": "present", "uid": 1001}

TASK [Ensure .ssh directory exists for cyrano] *********************************
task path: /app/ansible_repo/provisioning/playbook.yml:60
ok: [next-target] => {"changed": false, "gid": 1001, "group": "cyrano", "mode": "0700", "owner": "cyrano", "path": "/home/cyrano/.ssh", "size": 4096, "state": "directory", "uid": 1001}

TASK [Add target public key to next-target] ************************************
task path: /app/ansible_repo/provisioning/playbook.yml:68
redirecting (type: modules) ansible.builtin.authorized_key to ansible.posix.authorized_key
redirecting (type: modules) ansible.builtin.authorized_key to ansible.posix.authorized_key
changed: [next-target] => {"changed": true, "comment": null, "exclusive": false, "follow": false, "key": "ssh-ed25519 AAAAC3NzaC1lZDI1NTE5AAAAICDYRIj6Hpx7myX5EhGSQJ0R5OE7igXWk5WZj/gzWWY5 \n", "key_options": null, "keyfile": "/home/cyrano/.ssh/authorized_keys", "manage_dir": true, "path": null, "state": "present", "user": "cyrano", "validate_certs": true}

PLAY [Authorize next-target key on target] *************************************

TASK [Gathering Facts] *********************************************************
task path: /app/ansible_repo/provisioning/playbook.yml:74
ok: [target]

TASK [Ensure cyrano user exists] ***********************************************
task path: /app/ansible_repo/provisioning/playbook.yml:78
ok: [target] => {"append": false, "changed": false, "comment": "", "group": 1001, "home": "/home/cyrano", "move_home": false, "name": "cyrano", "shell": "/bin/bash", "state": "present", "uid": 1001}

TASK [Ensure .ssh directory exists for cyrano] *********************************
task path: /app/ansible_repo/provisioning/playbook.yml:84
ok: [target] => {"changed": false, "gid": 1001, "group": "cyrano", "mode": "0700", "owner": "cyrano", "path": "/home/cyrano/.ssh", "size": 4096, "state": "directory", "uid": 1001}

TASK [Add next-target public key to target] ************************************
task path: /app/ansible_repo/provisioning/playbook.yml:92
redirecting (type: modules) ansible.builtin.authorized_key to ansible.posix.authorized_key
redirecting (type: modules) ansible.builtin.authorized_key to ansible.posix.authorized_key
changed: [target] => {"changed": true, "comment": null, "exclusive": false, "follow": false, "key": "ssh-ed25519 AAAAC3NzaC1lZDI1NTE5AAAAIDIfpKDiTI4ll04mzbVpCSk6QoAw3wYQH+5+EA3Cq93F \n", "key_options": null, "keyfile": "/home/cyrano/.ssh/authorized_keys", "manage_dir": true, "path": null, "state": "present", "user": "cyrano", "validate_certs": true}

PLAY [Lateral mouvement Target -> Next Target] *********************************

TASK [Gathering Facts] *********************************************************
task path: /app/ansible_repo/provisioning/playbook.yml:98
ok: [target]

TASK [lateral-movement : Install packages needed for synthetic transfer] *******
task path: /app/ansible_repo/provisioning/roles/lateral-movement/tasks/main.yml:2
ok: [target] => {"cache_update_time": 1781031808, "cache_updated": true, "changed": false}

TASK [lateral-movement : Create continuous transfer payload script from target to next-target] ***
task path: /app/ansible_repo/provisioning/roles/lateral-movement/tasks/main.yml:10
changed: [target] => {"changed": true, "checksum": "34cad26b9c80feed431c4e7645fee52154c4baba", "dest": "/usr/local/bin/payload-transfer.sh", "gid": 0, "group": "root", "md5sum": "6593485dd37ea0d7600e72d111d6945b", "mode": "0755", "owner": "root", "size": 422, "src": "/home/ubuntu/.ansible/tmp/ansible-tmp-1781031809.4110825-809-148952852301044/source", "state": "file", "uid": 0}

TASK [lateral-movement : Create systemd service for payload transfer] **********
task path: /app/ansible_repo/provisioning/roles/lateral-movement/tasks/main.yml:34
changed: [target] => {"changed": true, "checksum": "d4ed0252f4ff22b9ba77d82e78327c07526149ff", "dest": "/etc/systemd/system/payload-transfer.service", "gid": 0, "group": "root", "md5sum": "d1ec61bccc6971880f279428ec103b90", "mode": "0644", "owner": "root", "size": 255, "src": "/home/ubuntu/.ansible/tmp/ansible-tmp-1781031810.2574341-824-266314696662437/source", "state": "file", "uid": 0}

TASK [lateral-movement : Reload systemd] ***************************************
task path: /app/ansible_repo/provisioning/roles/lateral-movement/tasks/main.yml:54
ok: [target] => {"changed": false, "name": null, "status": {}}

TASK [lateral-movement : Enable and start payload-transfer service] ************
task path: /app/ansible_repo/provisioning/roles/lateral-movement/tasks/main.yml:58
changed: [target] => {"changed": true, "enabled": true, "name": "payload-transfer.service", "state": "started", "status": {"ActiveEnterTimestampMonotonic": "0", "ActiveExitTimestampMonotonic": "0", "ActiveState": "inactive", "After": "network-online.target sysinit.target system.slice systemd-journald.socket basic.target", "AllowIsolate": "no", "AssertResult": "no", "AssertTimestampMonotonic": "0", "Before": "shutdown.target", "BlockIOAccounting": "no", "BlockIOWeight": "[not set]", "CPUAccounting": "yes", "CPUAffinityFromNUMA": "no", "CPUQuotaPerSecUSec": "infinity", "CPUQuotaPeriodUSec": "infinity", "CPUSchedulingPolicy": "0", "CPUSchedulingPriority": "0", "CPUSchedulingResetOnFork": "no", "CPUShares": "[not set]", "CPUUsageNSec": "[not set]", "CPUWeight": "[not set]", "CacheDirectoryMode": "0755", "CanFreeze": "yes", "CanIsolate": "no", "CanReload": "no", "CanStart": "yes", "CanStop": "yes", "CapabilityBoundingSet": "cap_chown cap_dac_override cap_dac_read_search cap_fowner cap_fsetid cap_kill cap_setgid cap_setuid cap_setpcap cap_linux_immutable cap_net_bind_service cap_net_broadcast cap_net_admin cap_net_raw cap_ipc_lock cap_ipc_owner cap_sys_module cap_sys_rawio cap_sys_chroot cap_sys_ptrace cap_sys_pacct cap_sys_admin cap_sys_boot cap_sys_nice cap_sys_resource cap_sys_time cap_sys_tty_config cap_mknod cap_lease cap_audit_write cap_audit_control cap_setfcap cap_mac_override cap_mac_admin cap_syslog cap_wake_alarm cap_block_suspend cap_audit_read cap_perfmon cap_bpf cap_checkpoint_restore", "CleanResult": "success", "CollectMode": "inactive", "ConditionResult": "no", "ConditionTimestampMonotonic": "0", "ConfigurationDirectoryMode": "0755", "Conflicts": "shutdown.target", "ControlGroupId": "0", "ControlPID": "0", "CoredumpFilter": "0x33", "CoredumpReceive": "no", "DefaultDependencies": "yes", "DefaultMemoryLow": "0", "DefaultMemoryMin": "0", "DefaultStartupMemoryLow": "0", "Delegate": "no", "Description": "Generate and sync payload test data", "DevicePolicy": "auto", "DynamicUser": "no", "ExecMainCode": "0", "ExecMainExitTimestampMonotonic": "0", "ExecMainPID": "0", "ExecMainStartTimestampMonotonic": "0", "ExecMainStatus": "0", "ExecStart": "{ path=/usr/local/bin/payload-transfer.sh ; argv[]=/usr/local/bin/payload-transfer.sh ; ignore_errors=no ; start_time=[n/a] ; stop_time=[n/a] ; pid=0 ; code=(null) ; status=0/0 }", "ExecStartEx": "{ path=/usr/local/bin/payload-transfer.sh ; argv[]=/usr/local/bin/payload-transfer.sh ; flags= ; start_time=[n/a] ; stop_time=[n/a] ; pid=0 ; code=(null) ; status=0/0 }", "ExitType": "main", "ExtensionImagePolicy": "root=verity+signed+encrypted+unprotected+absent:usr=verity+signed+encrypted+unprotected+absent:home=encrypted+unprotected+absent:srv=encrypted+unprotected+absent:tmp=encrypted+unprotected+absent:var=encrypted+unprotected+absent", "FailureAction": "none", "FileDescriptorStoreMax": "0", "FileDescriptorStorePreserve": "restart", "FinalKillSignal": "9", "FragmentPath": "/etc/systemd/system/payload-transfer.service", "FreezerState": "running", "GID": "[not set]", "GuessMainPID": "yes", "IOAccounting": "no", "IOReadBytes": "[not set]", "IOReadOperations": "[not set]", "IOSchedulingClass": "2", "IOSchedulingPriority": "4", "IOWeight": "[not set]", "IOWriteBytes": "[not set]", "IOWriteOperations": "[not set]", "IPAccounting": "no", "IPEgressBytes": "[no data]", "IPEgressPackets": "[no data]", "IPIngressBytes": "[no data]", "IPIngressPackets": "[no data]", "Id": "payload-transfer.service", "IgnoreOnIsolate": "no", "IgnoreSIGPIPE": "yes", "InactiveEnterTimestampMonotonic": "0", "InactiveExitTimestampMonotonic": "0", "JobRunningTimeoutUSec": "infinity", "JobTimeoutAction": "none", "JobTimeoutUSec": "infinity", "KeyringMode": "private", "KillMode": "control-group", "KillSignal": "15", "LimitAS": "infinity", "LimitASSoft": "infinity", "LimitCORE": "infinity", "LimitCORESoft": "0", "LimitCPU": "infinity", "LimitCPUSoft": "infinity", "LimitDATA": "infinity", "LimitDATASoft": "infinity", "LimitFSIZE": "infinity", "LimitFSIZESoft": "infinity", "LimitLOCKS": "infinity", "LimitLOCKSSoft": "infinity", "LimitMEMLOCK": "8388608", "LimitMEMLOCKSoft": "8388608", "LimitMSGQUEUE": "819200", "LimitMSGQUEUESoft": "819200", "LimitNICE": "0", "LimitNICESoft": "0", "LimitNOFILE": "524288", "LimitNOFILESoft": "1024", "LimitNPROC": "7720", "LimitNPROCSoft": "7720", "LimitRSS": "infinity", "LimitRSSSoft": "infinity", "LimitRTPRIO": "0", "LimitRTPRIOSoft": "0", "LimitRTTIME": "infinity", "LimitRTTIMESoft": "infinity", "LimitSIGPENDING": "7720", "LimitSIGPENDINGSoft": "7720", "LimitSTACK": "infinity", "LimitSTACKSoft": "8388608", "LoadState": "loaded", "LockPersonality": "no", "LogLevelMax": "-1", "LogRateLimitBurst": "0", "LogRateLimitIntervalUSec": "0", "LogsDirectoryMode": "0755", "MainPID": "0", "ManagedOOMMemoryPressure": "auto", "ManagedOOMMemoryPressureLimit": "0", "ManagedOOMPreference": "none", "ManagedOOMSwap": "auto", "MemoryAccounting": "yes", "MemoryAvailable": "1732276224", "MemoryCurrent": "[not set]", "MemoryDenyWriteExecute": "no", "MemoryHigh": "infinity", "MemoryKSM": "no", "MemoryLimit": "infinity", "MemoryLow": "0", "MemoryMax": "infinity", "MemoryMin": "0", "MemoryPeak": "[not set]", "MemoryPressureThresholdUSec": "200ms", "MemoryPressureWatch": "auto", "MemorySwapCurrent": "[not set]", "MemorySwapMax": "infinity", "MemorySwapPeak": "[not set]", "MemoryZSwapCurrent": "[not set]", "MemoryZSwapMax": "infinity", "MountAPIVFS": "no", "MountImagePolicy": "root=verity+signed+encrypted+unprotected+absent:usr=verity+signed+encrypted+unprotected+absent:home=encrypted+unprotected+absent:srv=encrypted+unprotected+absent:tmp=encrypted+unprotected+absent:var=encrypted+unprotected+absent", "NFileDescriptorStore": "0", "NRestarts": "0", "NUMAPolicy": "n/a", "Names": "payload-transfer.service", "NeedDaemonReload": "no", "Nice": "0", "NoNewPrivileges": "no", "NonBlocking": "no", "NotifyAccess": "none", "OOMPolicy": "stop", "OOMScoreAdjust": "0", "OnFailureJobMode": "replace", "OnSuccessJobMode": "fail", "Perpetual": "no", "PrivateDevices": "no", "PrivateIPC": "no", "PrivateMounts": "no", "PrivateNetwork": "no", "PrivateTmp": "no", "PrivateUsers": "no", "ProcSubset": "all", "ProtectClock": "no", "ProtectControlGroups": "no", "ProtectHome": "no", "ProtectHostname": "no", "ProtectKernelLogs": "no", "ProtectKernelModules": "no", "ProtectKernelTunables": "no", "ProtectProc": "default", "ProtectSystem": "no", "RefuseManualStart": "no", "RefuseManualStop": "no", "ReloadResult": "success", "ReloadSignal": "1", "RemainAfterExit": "no", "RemoveIPC": "no", "Requires": "system.slice sysinit.target", "Restart": "always", "RestartKillSignal": "15", "RestartMaxDelayUSec": "infinity", "RestartMode": "normal", "RestartSteps": "0", "RestartUSec": "5s", "RestartUSecNext": "5s", "RestrictNamespaces": "no", "RestrictRealtime": "no", "RestrictSUIDSGID": "no", "Result": "success", "RootDirectoryStartOnly": "no", "RootEphemeral": "no", "RootImagePolicy": "root=verity+signed+encrypted+unprotected+absent:usr=verity+signed+encrypted+unprotected+absent:home=encrypted+unprotected+absent:srv=encrypted+unprotected+absent:tmp=encrypted+unprotected+absent:var=encrypted+unprotected+absent", "RuntimeDirectoryMode": "0755", "RuntimeDirectoryPreserve": "no", "RuntimeMaxUSec": "infinity", "RuntimeRandomizedExtraUSec": "0", "SameProcessGroup": "no", "SecureBits": "0", "SendSIGHUP": "no", "SendSIGKILL": "yes", "SetLoginEnvironment": "no", "Slice": "system.slice", "StandardError": "inherit", "StandardInput": "null", "StandardOutput": "journal", "StartLimitAction": "none", "StartLimitBurst": "5", "StartLimitIntervalUSec": "10s", "StartupBlockIOWeight": "[not set]", "StartupCPUShares": "[not set]", "StartupCPUWeight": "[not set]", "StartupIOWeight": "[not set]", "StartupMemoryHigh": "infinity", "StartupMemoryLow": "0", "StartupMemoryMax": "infinity", "StartupMemorySwapMax": "infinity", "StartupMemoryZSwapMax": "infinity", "StateChangeTimestampMonotonic": "0", "StateDirectoryMode": "0755", "StatusErrno": "0", "StopWhenUnneeded": "no", "SubState": "dead", "SuccessAction": "none", "SurviveFinalKillSignal": "no", "SyslogFacility": "3", "SyslogLevel": "6", "SyslogLevelPrefix": "yes", "SyslogPriority": "30", "SystemCallErrorNumber": "2147483646", "TTYReset": "no", "TTYVHangup": "no", "TTYVTDisallocate": "no", "TasksAccounting": "yes", "TasksCurrent": "[not set]", "TasksMax": "2316", "TimeoutAbortUSec": "1min 30s", "TimeoutCleanUSec": "infinity", "TimeoutStartFailureMode": "terminate", "TimeoutStartUSec": "1min 30s", "TimeoutStopFailureMode": "terminate", "TimeoutStopUSec": "1min 30s", "TimerSlackNSec": "50000", "Transient": "no", "Type": "simple", "UID": "[not set]", "UMask": "0022", "UnitFilePreset": "enabled", "UnitFileState": "disabled", "User": "cyrano", "UtmpMode": "init", "Wants": "network-online.target", "WatchdogSignal": "6", "WatchdogTimestampMonotonic": "0", "WatchdogUSec": "infinity"}}

TASK [lateral-movement : Create systemd timer for payload transfer] ************
task path: /app/ansible_repo/provisioning/roles/lateral-movement/tasks/main.yml:64
changed: [target] => {"changed": true, "checksum": "df7e613052fa00594624f6fee39b3c93ae0a88ac", "dest": "/etc/systemd/system/payload-transfer.timer", "gid": 0, "group": "root", "md5sum": "d2842aa14b2a9352fc37960957b045fd", "mode": "0644", "owner": "root", "size": 160, "src": "/home/ubuntu/.ansible/tmp/ansible-tmp-1781031812.7273374-855-83765966114564/source", "state": "file", "uid": 0}

TASK [lateral-movement : Enable and start payload transfer timer] **************
task path: /app/ansible_repo/provisioning/roles/lateral-movement/tasks/main.yml:80
changed: [target] => {"changed": true, "enabled": true, "name": "payload-transfer.timer", "state": "started", "status": {"AccuracyUSec": "1min", "ActiveEnterTimestampMonotonic": "0", "ActiveExitTimestampMonotonic": "0", "ActiveState": "inactive", "After": "sysinit.target", "AllowIsolate": "no", "AssertResult": "no", "AssertTimestampMonotonic": "0", "Before": "shutdown.target payload-transfer.service timers.target", "CanFreeze": "no", "CanIsolate": "no", "CanReload": "no", "CanStart": "yes", "CanStop": "yes", "CollectMode": "inactive", "ConditionResult": "no", "ConditionTimestampMonotonic": "0", "Conflicts": "shutdown.target", "DefaultDependencies": "yes", "Description": "Run payload transfer periodically", "FailureAction": "none", "FixedRandomDelay": "no", "FragmentPath": "/etc/systemd/system/payload-transfer.timer", "FreezerState": "running", "Id": "payload-transfer.timer", "IgnoreOnIsolate": "no", "InactiveEnterTimestampMonotonic": "0", "InactiveExitTimestampMonotonic": "0", "JobRunningTimeoutUSec": "infinity", "JobTimeoutAction": "none", "JobTimeoutUSec": "infinity", "LastTriggerUSecMonotonic": "0", "LoadState": "loaded", "Names": "payload-transfer.timer", "NeedDaemonReload": "no", "NextElapseUSecMonotonic": "infinity", "OnClockChange": "no", "OnFailureJobMode": "replace", "OnSuccessJobMode": "fail", "OnTimezoneChange": "no", "Perpetual": "no", "Persistent": "no", "RandomizedDelayUSec": "0", "RefuseManualStart": "no", "RefuseManualStop": "no", "RemainAfterElapse": "yes", "Requires": "sysinit.target", "Result": "success", "StartLimitAction": "none", "StartLimitBurst": "5", "StartLimitIntervalUSec": "10s", "StateChangeTimestampMonotonic": "0", "StopWhenUnneeded": "no", "SubState": "dead", "SuccessAction": "none", "SurviveFinalKillSignal": "no", "TimersMonotonic": "{ OnBootUSec=2min ; next_elapse=0 }", "Transient": "no", "Triggers": "payload-transfer.service", "Unit": "payload-transfer.service", "UnitFilePreset": "enabled", "UnitFileState": "disabled", "WakeSystem": "no"}}

PLAY [set up c2-server] ********************************************************

TASK [Gathering Facts] *********************************************************
task path: /app/ansible_repo/provisioning/playbook.yml:104
ok: [c2-server]

TASK [c2-server : Add user and set password] ***********************************
task path: /app/ansible_repo/provisioning/roles/c2-server/tasks/main.yml:2
changed: [c2-server] => {"changed": true, "comment": "", "create_home": true, "group": 1001, "groups": "sudo", "home": "/home/cyrano", "name": "cyrano", "password": "NOT_LOGGING_PASSWORD", "shell": "/bin/bash", "state": "present", "system": false, "uid": 1001}

TASK [c2-server : Add host aliases] ********************************************
task path: /app/ansible_repo/provisioning/roles/c2-server/tasks/main.yml:10
changed: [c2-server] => (item={'ip': '192.168.50.5', 'name': 'target'}) => {"ansible_loop_var": "item", "backup": "", "changed": true, "item": {"ip": "192.168.50.5", "name": "target"}, "msg": "line added"}
changed: [c2-server] => (item={'ip': '192.168.40.5', 'name': 'c2-server'}) => {"ansible_loop_var": "item", "backup": "", "changed": true, "item": {"ip": "192.168.40.5", "name": "c2-server"}, "msg": "line added"}
changed: [c2-server] => (item={'ip': '192.168.50.6', 'name': 'next-target'}) => {"ansible_loop_var": "item", "backup": "", "changed": true, "item": {"ip": "192.168.50.6", "name": "next-target"}, "msg": "line added"}

PLAY [Start benign listener on target] *****************************************

TASK [Gathering Facts] *********************************************************
task path: /app/ansible_repo/provisioning/playbook.yml:112
ok: [target]

TASK [c2-listener : Install ncat] **********************************************
task path: /app/ansible_repo/provisioning/roles/c2-listener/tasks/main.yml:2
changed: [target] => {"cache_update_time": 1781031820, "cache_updated": true, "changed": true, "stderr": "", "stderr_lines": [], "stdout": "Reading package lists...\nBuilding dependency tree...\nReading state information...\nThe following additional packages will be installed:\n  liblua5.4-0\nThe following NEW packages will be installed:\n  liblua5.4-0 ncat\n0 upgraded, 2 newly installed, 0 to remove and 97 not upgraded.\nNeed to get 381 kB of archives.\nAfter this operation, 1021 kB of additional disk space will be used.\nGet:1 http://archive.ubuntu.com/ubuntu noble/main amd64 liblua5.4-0 amd64 5.4.6-3build2 [166 kB]\nGet:2 http://archive.ubuntu.com/ubuntu noble/universe amd64 ncat amd64 7.94+git20230807.3be01efb1+dfsg-3build2 [215 kB]\nFetched 381 kB in 0s (5355 kB/s)\nSelecting previously unselected package liblua5.4-0:amd64.\r\n(Reading database ... \r(Reading database ... 5%\r(Reading database ... 10%\r(Reading database ... 15%\r(Reading database ... 20%\r(Reading database ... 25%\r(Reading database ... 30%\r(Reading database ... 35%\r(Reading database ... 40%\r(Reading database ... 45%\r(Reading database ... 50%\r(Reading database ... 55%\r(Reading database ... 60%\r(Reading database ... 65%\r(Reading database ... 70%\r(Reading database ... 75%\r(Reading database ... 80%\r(Reading database ... 85%\r(Reading database ... 90%\r(Reading database ... 95%\r(Reading database ... 100%\r(Reading database ... 75037 files and directories currently installed.)\r\nPreparing to unpack .../liblua5.4-0_5.4.6-3build2_amd64.deb ...\r\nUnpacking liblua5.4-0:amd64 (5.4.6-3build2) ...\r\nSelecting previously unselected package ncat.\r\nPreparing to unpack .../ncat_7.94+git20230807.3be01efb1+dfsg-3build2_amd64.deb ...\r\nUnpacking ncat (7.94+git20230807.3be01efb1+dfsg-3build2) ...\r\nSetting up liblua5.4-0:amd64 (5.4.6-3build2) ...\r\nSetting up ncat (7.94+git20230807.3be01efb1+dfsg-3build2) ...\r\nProcessing triggers for man-db (2.12.0-4build2) ...\r\nProcessing triggers for libc-bin (2.39-0ubuntu8.7) ...\r\n\nRunning kernel seems to be up-to-date.\n\nNo services need to be restarted.\n\nNo containers need to be restarted.\n\nNo user sessions are running outdated binaries.\n\nNo VM guests are running outdated hypervisor (qemu) binaries on this host.\n", "stdout_lines": ["Reading package lists...", "Building dependency tree...", "Reading state information...", "The following additional packages will be installed:", "  liblua5.4-0", "The following NEW packages will be installed:", "  liblua5.4-0 ncat", "0 upgraded, 2 newly installed, 0 to remove and 97 not upgraded.", "Need to get 381 kB of archives.", "After this operation, 1021 kB of additional disk space will be used.", "Get:1 http://archive.ubuntu.com/ubuntu noble/main amd64 liblua5.4-0 amd64 5.4.6-3build2 [166 kB]", "Get:2 http://archive.ubuntu.com/ubuntu noble/universe amd64 ncat amd64 7.94+git20230807.3be01efb1+dfsg-3build2 [215 kB]", "Fetched 381 kB in 0s (5355 kB/s)", "Selecting previously unselected package liblua5.4-0:amd64.", "(Reading database ... ", "(Reading database ... 5%", "(Reading database ... 10%", "(Reading database ... 15%", "(Reading database ... 20%", "(Reading database ... 25%", "(Reading database ... 30%", "(Reading database ... 35%", "(Reading database ... 40%", "(Reading database ... 45%", "(Reading database ... 50%", "(Reading database ... 55%", "(Reading database ... 60%", "(Reading database ... 65%", "(Reading database ... 70%", "(Reading database ... 75%", "(Reading database ... 80%", "(Reading database ... 85%", "(Reading database ... 90%", "(Reading database ... 95%", "(Reading database ... 100%", "(Reading database ... 75037 files and directories currently installed.)", "Preparing to unpack .../liblua5.4-0_5.4.6-3build2_amd64.deb ...", "Unpacking liblua5.4-0:amd64 (5.4.6-3build2) ...", "Selecting previously unselected package ncat.", "Preparing to unpack .../ncat_7.94+git20230807.3be01efb1+dfsg-3build2_amd64.deb ...", "Unpacking ncat (7.94+git20230807.3be01efb1+dfsg-3build2) ...", "Setting up liblua5.4-0:amd64 (5.4.6-3build2) ...", "Setting up ncat (7.94+git20230807.3be01efb1+dfsg-3build2) ...", "Processing triggers for man-db (2.12.0-4build2) ...", "Processing triggers for libc-bin (2.39-0ubuntu8.7) ...", "", "Running kernel seems to be up-to-date.", "", "No services need to be restarted.", "", "No containers need to be restarted.", "", "No user sessions are running outdated binaries.", "", "No VM guests are running outdated hypervisor (qemu) binaries on this host."]}

TASK [c2-listener : Create listener service] ***********************************
task path: /app/ansible_repo/provisioning/roles/c2-listener/tasks/main.yml:8
changed: [target] => {"changed": true, "checksum": "ae8df72b7f0a08b7c187866b3a5137751927b675", "dest": "/etc/systemd/system/lab-checkin-listener.service", "gid": 0, "group": "root", "md5sum": "9cc35ea24720cbe98ec5449896a08593", "mode": "0644", "owner": "root", "size": 284, "src": "/home/ubuntu/.ansible/tmp/ansible-tmp-1781031824.6745498-939-259133441334427/source", "state": "file", "uid": 0}

TASK [c2-listener : Enable and start listener] *********************************
task path: /app/ansible_repo/provisioning/roles/c2-listener/tasks/main.yml:28
changed: [target] => {"changed": true, "enabled": true, "name": "lab-checkin-listener.service", "state": "started", "status": {"ActiveEnterTimestampMonotonic": "0", "ActiveExitTimestampMonotonic": "0", "ActiveState": "inactive", "After": "system.slice sysinit.target systemd-journald.socket basic.target network.target", "AllowIsolate": "no", "AssertResult": "no", "AssertTimestampMonotonic": "0", "Before": "shutdown.target", "BlockIOAccounting": "no", "BlockIOWeight": "[not set]", "CPUAccounting": "yes", "CPUAffinityFromNUMA": "no", "CPUQuotaPerSecUSec": "infinity", "CPUQuotaPeriodUSec": "infinity", "CPUSchedulingPolicy": "0", "CPUSchedulingPriority": "0", "CPUSchedulingResetOnFork": "no", "CPUShares": "[not set]", "CPUUsageNSec": "[not set]", "CPUWeight": "[not set]", "CacheDirectoryMode": "0755", "CanFreeze": "yes", "CanIsolate": "no", "CanReload": "no", "CanStart": "yes", "CanStop": "yes", "CapabilityBoundingSet": "cap_chown cap_dac_override cap_dac_read_search cap_fowner cap_fsetid cap_kill cap_setgid cap_setuid cap_setpcap cap_linux_immutable cap_net_bind_service cap_net_broadcast cap_net_admin cap_net_raw cap_ipc_lock cap_ipc_owner cap_sys_module cap_sys_rawio cap_sys_chroot cap_sys_ptrace cap_sys_pacct cap_sys_admin cap_sys_boot cap_sys_nice cap_sys_resource cap_sys_time cap_sys_tty_config cap_mknod cap_lease cap_audit_write cap_audit_control cap_setfcap cap_mac_override cap_mac_admin cap_syslog cap_wake_alarm cap_block_suspend cap_audit_read cap_perfmon cap_bpf cap_checkpoint_restore", "CleanResult": "success", "CollectMode": "inactive", "ConditionResult": "no", "ConditionTimestampMonotonic": "0", "ConfigurationDirectoryMode": "0755", "Conflicts": "shutdown.target", "ControlGroupId": "0", "ControlPID": "0", "CoredumpFilter": "0x33", "CoredumpReceive": "no", "DefaultDependencies": "yes", "DefaultMemoryLow": "0", "DefaultMemoryMin": "0", "DefaultStartupMemoryLow": "0", "Delegate": "no", "Description": "Lab benign check-in listener", "DevicePolicy": "auto", "DynamicUser": "no", "ExecMainCode": "0", "ExecMainExitTimestampMonotonic": "0", "ExecMainPID": "0", "ExecMainStartTimestampMonotonic": "0", "ExecMainStatus": "0", "ExecStart": "{ path=/bin/sh ; argv[]=/bin/sh -c /usr/bin/ncat -lk 443 -c \"cat /var/log/local-inventory/inventory.log\" >> /var/log/lab-checkin.log 2>&1 ; ignore_errors=no ; start_time=[n/a] ; stop_time=[n/a] ; pid=0 ; code=(null) ; status=0/0 }", "ExecStartEx": "{ path=/bin/sh ; argv[]=/bin/sh -c /usr/bin/ncat -lk 443 -c \"cat /var/log/local-inventory/inventory.log\" >> /var/log/lab-checkin.log 2>&1 ; flags= ; start_time=[n/a] ; stop_time=[n/a] ; pid=0 ; code=(null) ; status=0/0 }", "ExitType": "main", "ExtensionImagePolicy": "root=verity+signed+encrypted+unprotected+absent:usr=verity+signed+encrypted+unprotected+absent:home=encrypted+unprotected+absent:srv=encrypted+unprotected+absent:tmp=encrypted+unprotected+absent:var=encrypted+unprotected+absent", "FailureAction": "none", "FileDescriptorStoreMax": "0", "FileDescriptorStorePreserve": "restart", "FinalKillSignal": "9", "FragmentPath": "/etc/systemd/system/lab-checkin-listener.service", "FreezerState": "running", "GID": "[not set]", "GuessMainPID": "yes", "IOAccounting": "no", "IOReadBytes": "[not set]", "IOReadOperations": "[not set]", "IOSchedulingClass": "2", "IOSchedulingPriority": "4", "IOWeight": "[not set]", "IOWriteBytes": "[not set]", "IOWriteOperations": "[not set]", "IPAccounting": "no", "IPEgressBytes": "[no data]", "IPEgressPackets": "[no data]", "IPIngressBytes": "[no data]", "IPIngressPackets": "[no data]", "Id": "lab-checkin-listener.service", "IgnoreOnIsolate": "no", "IgnoreSIGPIPE": "yes", "InactiveEnterTimestampMonotonic": "0", "InactiveExitTimestampMonotonic": "0", "JobRunningTimeoutUSec": "infinity", "JobTimeoutAction": "none", "JobTimeoutUSec": "infinity", "KeyringMode": "private", "KillMode": "control-group", "KillSignal": "15", "LimitAS": "infinity", "LimitASSoft": "infinity", "LimitCORE": "infinity", "LimitCORESoft": "0", "LimitCPU": "infinity", "LimitCPUSoft": "infinity", "LimitDATA": "infinity", "LimitDATASoft": "infinity", "LimitFSIZE": "infinity", "LimitFSIZESoft": "infinity", "LimitLOCKS": "infinity", "LimitLOCKSSoft": "infinity", "LimitMEMLOCK": "8388608", "LimitMEMLOCKSoft": "8388608", "LimitMSGQUEUE": "819200", "LimitMSGQUEUESoft": "819200", "LimitNICE": "0", "LimitNICESoft": "0", "LimitNOFILE": "524288", "LimitNOFILESoft": "1024", "LimitNPROC": "7720", "LimitNPROCSoft": "7720", "LimitRSS": "infinity", "LimitRSSSoft": "infinity", "LimitRTPRIO": "0", "LimitRTPRIOSoft": "0", "LimitRTTIME": "infinity", "LimitRTTIMESoft": "infinity", "LimitSIGPENDING": "7720", "LimitSIGPENDINGSoft": "7720", "LimitSTACK": "infinity", "LimitSTACKSoft": "8388608", "LoadState": "loaded", "LockPersonality": "no", "LogLevelMax": "-1", "LogRateLimitBurst": "0", "LogRateLimitIntervalUSec": "0", "LogsDirectoryMode": "0755", "MainPID": "0", "ManagedOOMMemoryPressure": "auto", "ManagedOOMMemoryPressureLimit": "0", "ManagedOOMPreference": "none", "ManagedOOMSwap": "auto", "MemoryAccounting": "yes", "MemoryAvailable": "1709330432", "MemoryCurrent": "[not set]", "MemoryDenyWriteExecute": "no", "MemoryHigh": "infinity", "MemoryKSM": "no", "MemoryLimit": "infinity", "MemoryLow": "0", "MemoryMax": "infinity", "MemoryMin": "0", "MemoryPeak": "[not set]", "MemoryPressureThresholdUSec": "200ms", "MemoryPressureWatch": "auto", "MemorySwapCurrent": "[not set]", "MemorySwapMax": "infinity", "MemorySwapPeak": "[not set]", "MemoryZSwapCurrent": "[not set]", "MemoryZSwapMax": "infinity", "MountAPIVFS": "no", "MountImagePolicy": "root=verity+signed+encrypted+unprotected+absent:usr=verity+signed+encrypted+unprotected+absent:home=encrypted+unprotected+absent:srv=encrypted+unprotected+absent:tmp=encrypted+unprotected+absent:var=encrypted+unprotected+absent", "NFileDescriptorStore": "0", "NRestarts": "0", "NUMAPolicy": "n/a", "Names": "lab-checkin-listener.service", "NeedDaemonReload": "no", "Nice": "0", "NoNewPrivileges": "no", "NonBlocking": "no", "NotifyAccess": "none", "OOMPolicy": "stop", "OOMScoreAdjust": "0", "OnFailureJobMode": "replace", "OnSuccessJobMode": "fail", "Perpetual": "no", "PrivateDevices": "no", "PrivateIPC": "no", "PrivateMounts": "no", "PrivateNetwork": "no", "PrivateTmp": "no", "PrivateUsers": "no", "ProcSubset": "all", "ProtectClock": "no", "ProtectControlGroups": "no", "ProtectHome": "no", "ProtectHostname": "no", "ProtectKernelLogs": "no", "ProtectKernelModules": "no", "ProtectKernelTunables": "no", "ProtectProc": "default", "ProtectSystem": "no", "RefuseManualStart": "no", "RefuseManualStop": "no", "ReloadResult": "success", "ReloadSignal": "1", "RemainAfterExit": "no", "RemoveIPC": "no", "Requires": "sysinit.target system.slice", "Restart": "always", "RestartKillSignal": "15", "RestartMaxDelayUSec": "infinity", "RestartMode": "normal", "RestartSteps": "0", "RestartUSec": "2s", "RestartUSecNext": "2s", "RestrictNamespaces": "no", "RestrictRealtime": "no", "RestrictSUIDSGID": "no", "Result": "success", "RootDirectoryStartOnly": "no", "RootEphemeral": "no", "RootImagePolicy": "root=verity+signed+encrypted+unprotected+absent:usr=verity+signed+encrypted+unprotected+absent:home=encrypted+unprotected+absent:srv=encrypted+unprotected+absent:tmp=encrypted+unprotected+absent:var=encrypted+unprotected+absent", "RuntimeDirectoryMode": "0755", "RuntimeDirectoryPreserve": "no", "RuntimeMaxUSec": "infinity", "RuntimeRandomizedExtraUSec": "0", "SameProcessGroup": "no", "SecureBits": "0", "SendSIGHUP": "no", "SendSIGKILL": "yes", "SetLoginEnvironment": "no", "Slice": "system.slice", "StandardError": "inherit", "StandardInput": "null", "StandardOutput": "journal", "StartLimitAction": "none", "StartLimitBurst": "5", "StartLimitIntervalUSec": "10s", "StartupBlockIOWeight": "[not set]", "StartupCPUShares": "[not set]", "StartupCPUWeight": "[not set]", "StartupIOWeight": "[not set]", "StartupMemoryHigh": "infinity", "StartupMemoryLow": "0", "StartupMemoryMax": "infinity", "StartupMemorySwapMax": "infinity", "StartupMemoryZSwapMax": "infinity", "StateChangeTimestampMonotonic": "0", "StateDirectoryMode": "0755", "StatusErrno": "0", "StopWhenUnneeded": "no", "SubState": "dead", "SuccessAction": "none", "SurviveFinalKillSignal": "no", "SyslogFacility": "3", "SyslogLevel": "6", "SyslogLevelPrefix": "yes", "SyslogPriority": "30", "SystemCallErrorNumber": "2147483646", "TTYReset": "no", "TTYVHangup": "no", "TTYVTDisallocate": "no", "TasksAccounting": "yes", "TasksCurrent": "[not set]", "TasksMax": "2316", "TimeoutAbortUSec": "1min 30s", "TimeoutCleanUSec": "infinity", "TimeoutStartFailureMode": "terminate", "TimeoutStartUSec": "1min 30s", "TimeoutStopFailureMode": "terminate", "TimeoutStopUSec": "1min 30s", "TimerSlackNSec": "50000", "Transient": "no", "Type": "simple", "UID": "[not set]", "UMask": "0022", "UnitFilePreset": "enabled", "UnitFileState": "disabled", "UtmpMode": "init", "WatchdogSignal": "6", "WatchdogTimestampMonotonic": "0", "WatchdogUSec": "infinity"}}

PLAY [Start intermittent benign connections from c2-server] ********************

TASK [Gathering Facts] *********************************************************
task path: /app/ansible_repo/provisioning/playbook.yml:120
ok: [c2-server]

TASK [c2-service : Install netcat] *********************************************
task path: /app/ansible_repo/provisioning/roles/c2-service/tasks/main.yml:2
ok: [c2-server] => {"cache_update_time": 1781031836, "cache_updated": true, "changed": false}

TASK [c2-service : Ensure client user exists] **********************************
task path: /app/ansible_repo/provisioning/roles/c2-service/tasks/main.yml:8
ok: [c2-server] => {"append": false, "changed": false, "comment": "", "group": 1001, "home": "/home/cyrano", "move_home": false, "name": "cyrano", "shell": "/bin/bash", "state": "present", "uid": 1001}

TASK [c2-service : Create periodic check-in script] ****************************
task path: /app/ansible_repo/provisioning/roles/c2-service/tasks/main.yml:14
changed: [c2-server] => {"changed": true, "checksum": "dcadeaa3c66de838fe4cb07466b52ee96bd3e0d8", "dest": "/usr/local/bin/lab-checkin.sh", "gid": 0, "group": "root", "md5sum": "350b3955c0baee600b5bcb5f1f06746f", "mode": "0755", "owner": "root", "size": 256, "src": "/home/ubuntu/.ansible/tmp/ansible-tmp-1781031841.1028612-987-183425594333730/source", "state": "file", "uid": 0}

TASK [c2-service : Create systemd service] *************************************
task path: /app/ansible_repo/provisioning/roles/c2-service/tasks/main.yml:30
changed: [c2-server] => {"changed": true, "checksum": "842c05380348ef57b83424e7d07c57ee141bde2c", "dest": "/etc/systemd/system/vami.service", "gid": 0, "group": "root", "md5sum": "4fa4275fd6b8847a83bdeac59cd3bb7d", "mode": "0644", "owner": "root", "size": 206, "src": "/home/ubuntu/.ansible/tmp/ansible-tmp-1781031841.9610915-1002-254477406270813/source", "state": "file", "uid": 0}

TASK [c2-service : Create systemd timer] ***************************************
task path: /app/ansible_repo/provisioning/roles/c2-service/tasks/main.yml:47
changed: [c2-server] => {"changed": true, "checksum": "1d350a1ac872be45075e87cffe2365ebac8a6006", "dest": "/etc/systemd/system/vami.timer", "gid": 0, "group": "root", "md5sum": "9843e862bda5effd0082e41d83015d6b", "mode": "0644", "owner": "root", "size": 131, "src": "/home/ubuntu/.ansible/tmp/ansible-tmp-1781031842.7634614-1017-93932126770018/source", "state": "file", "uid": 0}

TASK [c2-service : Enable and start timer] *************************************
task path: /app/ansible_repo/provisioning/roles/c2-service/tasks/main.yml:62
changed: [c2-server] => {"changed": true, "enabled": true, "name": "vami.timer", "state": "started", "status": {"AccuracyUSec": "1min", "ActiveEnterTimestampMonotonic": "0", "ActiveExitTimestampMonotonic": "0", "ActiveState": "inactive", "After": "time-sync.target sysinit.target time-set.target -.mount", "AllowIsolate": "no", "AssertResult": "no", "AssertTimestampMonotonic": "0", "Before": "timers.target shutdown.target vami.service", "CanClean": "state", "CanFreeze": "no", "CanIsolate": "no", "CanReload": "no", "CanStart": "yes", "CanStop": "yes", "CollectMode": "inactive", "ConditionResult": "no", "ConditionTimestampMonotonic": "0", "Conflicts": "shutdown.target", "DefaultDependencies": "yes", "Description": "Run lab periodic outbound check-in", "FailureAction": "none", "FixedRandomDelay": "no", "FragmentPath": "/etc/systemd/system/vami.timer", "FreezerState": "running", "Id": "vami.timer", "IgnoreOnIsolate": "no", "InactiveEnterTimestampMonotonic": "0", "InactiveExitTimestampMonotonic": "0", "JobRunningTimeoutUSec": "infinity", "JobTimeoutAction": "none", "JobTimeoutUSec": "infinity", "LastTriggerUSecMonotonic": "0", "LoadState": "loaded", "Names": "vami.timer", "NeedDaemonReload": "no", "NextElapseUSecMonotonic": "infinity", "OnClockChange": "no", "OnFailureJobMode": "replace", "OnSuccessJobMode": "fail", "OnTimezoneChange": "no", "Perpetual": "no", "Persistent": "yes", "RandomizedDelayUSec": "0", "RefuseManualStart": "no", "RefuseManualStop": "no", "RemainAfterElapse": "yes", "Requires": "-.mount sysinit.target", "RequiresMountsFor": "/var/lib/systemd/timers", "Result": "success", "StartLimitAction": "none", "StartLimitBurst": "5", "StartLimitIntervalUSec": "10s", "StateChangeTimestampMonotonic": "0", "StopWhenUnneeded": "no", "SubState": "dead", "SuccessAction": "none", "SurviveFinalKillSignal": "no", "TimersCalendar": "{ OnCalendar=*-*-* *:*:00 ; next_elapse=(null) }", "Transient": "no", "Triggers": "vami.service", "Unit": "vami.service", "UnitFilePreset": "enabled", "UnitFileState": "disabled", "WakeSystem": "no"}}

PLAY [set up command logging] **************************************************

TASK [Gathering Facts] *********************************************************
task path: /app/ansible_repo/provisioning/playbook.yml:133
ok: [c2-server]
ok: [target]
ok: [next-target]

TASK [sandbox-logging : Set variable slf_sandbox_id if empty - use variable global_sandbox_id instead] ***
task path: /app/ansible_repo/provisioning/roles/sandbox-logging/tasks/main.yml:3
ok: [c2-server] => {"ansible_facts": {"slf_sandbox_id": "0a0b046f-2d9f-4bda-89f1-0048e1927efc"}, "changed": false}
ok: [next-target] => {"ansible_facts": {"slf_sandbox_id": "0a0b046f-2d9f-4bda-89f1-0048e1927efc"}, "changed": false}
ok: [target] => {"ansible_facts": {"slf_sandbox_id": "0a0b046f-2d9f-4bda-89f1-0048e1927efc"}, "changed": false}

TASK [sandbox-logging : Set variable slf_pool_id if empty - use variable global_pool_id instead] ***
task path: /app/ansible_repo/provisioning/roles/sandbox-logging/tasks/main.yml:8
ok: [c2-server] => {"ansible_facts": {"slf_pool_id": 38}, "changed": false}
ok: [next-target] => {"ansible_facts": {"slf_pool_id": 38}, "changed": false}
ok: [target] => {"ansible_facts": {"slf_pool_id": 38}, "changed": false}

TASK [sandbox-logging : Set variable slf_sandbox_name if empty - use variable global_sandbox_name instead] ***
task path: /app/ansible_repo/provisioning/roles/sandbox-logging/tasks/main.yml:13
skipping: [c2-server] => {"changed": false, "false_condition": "slf_sandbox_name is not defined and global_sandbox_name is defined", "skip_reason": "Conditional result was False"}
skipping: [next-target] => {"changed": false, "false_condition": "slf_sandbox_name is not defined and global_sandbox_name is defined", "skip_reason": "Conditional result was False"}
skipping: [target] => {"changed": false, "false_condition": "slf_sandbox_name is not defined and global_sandbox_name is defined", "skip_reason": "Conditional result was False"}

TASK [Set up sandbox bash logging] *********************************************
task path: /app/ansible_repo/provisioning/roles/sandbox-logging/tasks/main.yml:18
statically imported: /app/ansible_repo/provisioning/roles/sandbox-logging-bash/tasks/bash.yml

TASK [sandbox-logging-bash : Load a variable file based on the OS type.] *******
task path: /app/ansible_repo/provisioning/roles/sandbox-logging-bash/tasks/main.yml:1
ok: [c2-server] => {"ansible_facts": {"slb_bashrc_file": "/etc/bash.bashrc", "slb_log_file": "/var/log/syslog"}, "ansible_included_var_files": ["/app/ansible_repo/provisioning/roles/sandbox-logging-bash/vars/Debian.yml"], "changed": false}
ok: [next-target] => {"ansible_facts": {"slb_bashrc_file": "/etc/bash.bashrc", "slb_log_file": "/var/log/syslog"}, "ansible_included_var_files": ["/app/ansible_repo/provisioning/roles/sandbox-logging-bash/vars/Debian.yml"], "changed": false}
ok: [target] => {"ansible_facts": {"slb_bashrc_file": "/etc/bash.bashrc", "slb_log_file": "/var/log/syslog"}, "ansible_included_var_files": ["/app/ansible_repo/provisioning/roles/sandbox-logging-bash/vars/Debian.yml"], "changed": false}

TASK [sandbox-logging-bash : Test logger command is available] *****************
task path: /app/ansible_repo/provisioning/roles/sandbox-logging-bash/tasks/main.yml:5
ok: [c2-server] => {"changed": false, "cmd": ["which", "logger"], "delta": "0:00:00.007045", "end": "2026-06-09 19:04:06.293538", "msg": "", "rc": 0, "start": "2026-06-09 19:04:06.286493", "stderr": "", "stderr_lines": [], "stdout": "/usr/bin/logger", "stdout_lines": ["/usr/bin/logger"]}
ok: [next-target] => {"changed": false, "cmd": ["which", "logger"], "delta": "0:00:00.003693", "end": "2026-06-09 19:04:06.308590", "msg": "", "rc": 0, "start": "2026-06-09 19:04:06.304897", "stderr": "", "stderr_lines": [], "stdout": "/usr/bin/logger", "stdout_lines": ["/usr/bin/logger"]}
ok: [target] => {"changed": false, "cmd": ["which", "logger"], "delta": "0:00:00.004009", "end": "2026-06-09 19:04:06.331864", "msg": "", "rc": 0, "start": "2026-06-09 19:04:06.327855", "stderr": "", "stderr_lines": [], "stdout": "/usr/bin/logger", "stdout_lines": ["/usr/bin/logger"]}

TASK [sandbox-logging-bash : Get list of valid shells] *************************
task path: /app/ansible_repo/provisioning/roles/sandbox-logging-bash/tasks/main.yml:9
ok: [next-target] => {"changed": false, "cmd": "cat /etc/shells | grep -v '# /etc/shells'", "delta": "0:00:00.009144", "end": "2026-06-09 19:04:06.812768", "msg": "", "rc": 0, "start": "2026-06-09 19:04:06.803624", "stderr": "", "stderr_lines": [], "stdout": "/bin/sh\n/usr/bin/sh\n/bin/bash\n/usr/bin/bash\n/bin/rbash\n/usr/bin/rbash\n/usr/bin/dash\n/usr/bin/screen\n/usr/bin/tmux", "stdout_lines": ["/bin/sh", "/usr/bin/sh", "/bin/bash", "/usr/bin/bash", "/bin/rbash", "/usr/bin/rbash", "/usr/bin/dash", "/usr/bin/screen", "/usr/bin/tmux"]}
ok: [c2-server] => {"changed": false, "cmd": "cat /etc/shells | grep -v '# /etc/shells'", "delta": "0:00:00.006321", "end": "2026-06-09 19:04:06.813962", "msg": "", "rc": 0, "start": "2026-06-09 19:04:06.807641", "stderr": "", "stderr_lines": [], "stdout": "/bin/sh\n/usr/bin/sh\n/bin/bash\n/usr/bin/bash\n/bin/rbash\n/usr/bin/rbash\n/usr/bin/dash\n/usr/bin/screen\n/usr/bin/tmux", "stdout_lines": ["/bin/sh", "/usr/bin/sh", "/bin/bash", "/usr/bin/bash", "/bin/rbash", "/usr/bin/rbash", "/usr/bin/dash", "/usr/bin/screen", "/usr/bin/tmux"]}
ok: [target] => {"changed": false, "cmd": "cat /etc/shells | grep -v '# /etc/shells'", "delta": "0:00:00.005755", "end": "2026-06-09 19:04:06.873508", "msg": "", "rc": 0, "start": "2026-06-09 19:04:06.867753", "stderr": "", "stderr_lines": [], "stdout": "/bin/sh\n/usr/bin/sh\n/bin/bash\n/usr/bin/bash\n/bin/rbash\n/usr/bin/rbash\n/usr/bin/dash\n/usr/bin/screen\n/usr/bin/tmux", "stdout_lines": ["/bin/sh", "/usr/bin/sh", "/bin/bash", "/usr/bin/bash", "/bin/rbash", "/usr/bin/rbash", "/usr/bin/dash", "/usr/bin/screen", "/usr/bin/tmux"]}

TASK [sandbox-logging-bash : Ensures /etc/bashrc.d/ exists] ********************
task path: /app/ansible_repo/provisioning/roles/sandbox-logging-bash/tasks/bash.yml:2
changed: [c2-server] => {"changed": true, "gid": 0, "group": "root", "mode": "0755", "owner": "root", "path": "/etc/bashrc.d/", "size": 4096, "state": "directory", "uid": 0}
changed: [next-target] => {"changed": true, "gid": 0, "group": "root", "mode": "0755", "owner": "root", "path": "/etc/bashrc.d/", "size": 4096, "state": "directory", "uid": 0}
changed: [target] => {"changed": true, "gid": 0, "group": "root", "mode": "0755", "owner": "root", "path": "/etc/bashrc.d/", "size": 4096, "state": "directory", "uid": 0}

TASK [sandbox-logging-bash : Source all of ~/.bashrc.d/* to .bashrc] ***********
task path: /app/ansible_repo/provisioning/roles/sandbox-logging-bash/tasks/bash.yml:7
changed: [target] => {"changed": true, "msg": "Block inserted"}
changed: [next-target] => {"changed": true, "msg": "Block inserted"}
changed: [c2-server] => {"changed": true, "msg": "Block inserted"}

TASK [sandbox-logging-bash : Setup bash command monitoring] ********************
task path: /app/ansible_repo/provisioning/roles/sandbox-logging-bash/tasks/bash.yml:23
changed: [c2-server] => {"changed": true, "checksum": "3d3f06d897e0d8597da95eb61647089c4fddafd8", "dest": "/etc/bashrc.d/log_commands.sh", "gid": 0, "group": "root", "md5sum": "d84a2da183459250ece108840e0ba5ea", "mode": "0644", "owner": "root", "size": 1588, "src": "/home/ubuntu/.ansible/tmp/ansible-tmp-1781031848.0363789-1176-114431319346185/source", "state": "file", "uid": 0}
changed: [next-target] => {"changed": true, "checksum": "3d3f06d897e0d8597da95eb61647089c4fddafd8", "dest": "/etc/bashrc.d/log_commands.sh", "gid": 0, "group": "root", "md5sum": "d84a2da183459250ece108840e0ba5ea", "mode": "0644", "owner": "root", "size": 1588, "src": "/home/ubuntu/.ansible/tmp/ansible-tmp-1781031848.0449946-1177-5784000285831/source", "state": "file", "uid": 0}
changed: [target] => {"changed": true, "checksum": "3d3f06d897e0d8597da95eb61647089c4fddafd8", "dest": "/etc/bashrc.d/log_commands.sh", "gid": 0, "group": "root", "md5sum": "d84a2da183459250ece108840e0ba5ea", "mode": "0644", "owner": "root", "size": 1588, "src": "/home/ubuntu/.ansible/tmp/ansible-tmp-1781031848.0499938-1179-264380217266874/source", "state": "file", "uid": 0}

TASK [sandbox-logging-bash : Add history configuration to /etc/bashrc.d/history.sh] ***
task path: /app/ansible_repo/provisioning/roles/sandbox-logging-bash/tasks/bash.yml:29
changed: [c2-server] => {"changed": true, "checksum": "8ea6bf674d9ff7b3a220c98d58dd08a3feb6b1ca", "dest": "/etc/bashrc.d/history.sh", "gid": 0, "group": "root", "md5sum": "d454de534cc74e459a3f0052b41e13dd", "mode": "0755", "owner": "root", "size": 163, "src": "/home/ubuntu/.ansible/tmp/ansible-tmp-1781031848.9294639-1221-38212197109116/source", "state": "file", "uid": 0}
changed: [next-target] => {"changed": true, "checksum": "8ea6bf674d9ff7b3a220c98d58dd08a3feb6b1ca", "dest": "/etc/bashrc.d/history.sh", "gid": 0, "group": "root", "md5sum": "d454de534cc74e459a3f0052b41e13dd", "mode": "0755", "owner": "root", "size": 163, "src": "/home/ubuntu/.ansible/tmp/ansible-tmp-1781031848.9515023-1223-104450853036936/source", "state": "file", "uid": 0}
changed: [target] => {"changed": true, "checksum": "8ea6bf674d9ff7b3a220c98d58dd08a3feb6b1ca", "dest": "/etc/bashrc.d/history.sh", "gid": 0, "group": "root", "md5sum": "d454de534cc74e459a3f0052b41e13dd", "mode": "0755", "owner": "root", "size": 163, "src": "/home/ubuntu/.ansible/tmp/ansible-tmp-1781031848.945678-1224-254729600222467/source", "state": "file", "uid": 0}

TASK [sandbox-logging-bash : include_tasks] ************************************
task path: /app/ansible_repo/provisioning/roles/sandbox-logging-bash/tasks/main.yml:15
skipping: [c2-server] => {"changed": false, "false_condition": "\"zsh\" in slb_login_shells.stdout_lines | map(\"basename\")", "skip_reason": "Conditional result was False"}
skipping: [next-target] => {"changed": false, "false_condition": "\"zsh\" in slb_login_shells.stdout_lines | map(\"basename\")", "skip_reason": "Conditional result was False"}
skipping: [target] => {"changed": false, "false_condition": "\"zsh\" in slb_login_shells.stdout_lines | map(\"basename\")", "skip_reason": "Conditional result was False"}

TASK [Set up sandbox msf logging] **********************************************
task path: /app/ansible_repo/provisioning/roles/sandbox-logging/tasks/main.yml:22
skipping: [c2-server] => {"changed": false, "false_condition": "ansible_distribution == 'Kali'", "skip_reason": "Conditional result was False"}
skipping: [next-target] => {"changed": false, "false_condition": "ansible_distribution == 'Kali'", "skip_reason": "Conditional result was False"}
skipping: [target] => {"changed": false, "false_condition": "ansible_distribution == 'Kali'", "skip_reason": "Conditional result was False"}

TASK [Set up sandbox logging forward] ******************************************
task path: /app/ansible_repo/provisioning/roles/sandbox-logging/tasks/main.yml:27

TASK [sandbox-logging-forward : Assert all required variables are set] *********
task path: /app/ansible_repo/provisioning/roles/sandbox-logging-forward/tasks/main.yml:4
skipping: [next-target] => (item=slf_destination)  => {"ansible_loop_var": "item", "changed": false, "false_condition": "item not in vars", "item": "slf_destination", "skip_reason": "Conditional result was False"}
skipping: [next-target] => {"changed": false, "msg": "All items skipped"}
skipping: [target] => (item=slf_destination)  => {"ansible_loop_var": "item", "changed": false, "false_condition": "item not in vars", "item": "slf_destination", "skip_reason": "Conditional result was False"}
skipping: [target] => {"changed": false, "msg": "All items skipped"}
skipping: [c2-server] => (item=slf_destination)  => {"ansible_loop_var": "item", "changed": false, "false_condition": "item not in vars", "item": "slf_destination", "skip_reason": "Conditional result was False"}
skipping: [c2-server] => {"changed": false, "msg": "All items skipped"}

TASK [sandbox-logging-forward : Assert local variables] ************************
task path: /app/ansible_repo/provisioning/roles/sandbox-logging-forward/tasks/main.yml:9
skipping: [c2-server] => {"changed": false, "false_condition": "slf_local_env", "skip_reason": "Conditional result was False"}
skipping: [next-target] => {"changed": false, "false_condition": "slf_local_env", "skip_reason": "Conditional result was False"}
skipping: [target] => {"changed": false, "false_condition": "slf_local_env", "skip_reason": "Conditional result was False"}

TASK [sandbox-logging-forward : Assert cloud variables] ************************
task path: /app/ansible_repo/provisioning/roles/sandbox-logging-forward/tasks/main.yml:13
included: /app/ansible_repo/provisioning/roles/sandbox-logging-forward/tasks/assert-cloud-variables.yml for c2-server, next-target, target

TASK [sandbox-logging-forward : fail] ******************************************
task path: /app/ansible_repo/provisioning/roles/sandbox-logging-forward/tasks/assert-cloud-variables.yml:2
skipping: [c2-server] => (item=slf_sandbox_id)  => {"ansible_loop_var": "item", "changed": false, "false_condition": "item not in vars", "item": "slf_sandbox_id", "skip_reason": "Conditional result was False"}
skipping: [c2-server] => (item=slf_pool_id)  => {"ansible_loop_var": "item", "changed": false, "false_condition": "item not in vars", "item": "slf_pool_id", "skip_reason": "Conditional result was False"}
skipping: [c2-server] => {"changed": false, "msg": "All items skipped"}
skipping: [next-target] => (item=slf_sandbox_id)  => {"ansible_loop_var": "item", "changed": false, "false_condition": "item not in vars", "item": "slf_sandbox_id", "skip_reason": "Conditional result was False"}
skipping: [next-target] => (item=slf_pool_id)  => {"ansible_loop_var": "item", "changed": false, "false_condition": "item not in vars", "item": "slf_pool_id", "skip_reason": "Conditional result was False"}
skipping: [next-target] => {"changed": false, "msg": "All items skipped"}
skipping: [target] => (item=slf_sandbox_id)  => {"ansible_loop_var": "item", "changed": false, "false_condition": "item not in vars", "item": "slf_sandbox_id", "skip_reason": "Conditional result was False"}
skipping: [target] => (item=slf_pool_id)  => {"ansible_loop_var": "item", "changed": false, "false_condition": "item not in vars", "item": "slf_pool_id", "skip_reason": "Conditional result was False"}
skipping: [target] => {"changed": false, "msg": "All items skipped"}

TASK [sandbox-logging-forward : Ensure rsyslog is installed] *******************
task path: /app/ansible_repo/provisioning/roles/sandbox-logging-forward/tasks/main.yml:17
ok: [next-target] => {"cache_update_time": 1781031851, "cache_updated": true, "changed": false}
ok: [target] => {"cache_update_time": 1781031851, "cache_updated": true, "changed": false}
ok: [c2-server] => {"cache_update_time": 1781031851, "cache_updated": true, "changed": false}

TASK [sandbox-logging-forward : Include TLS configuration] *********************
task path: /app/ansible_repo/provisioning/roles/sandbox-logging-forward/tasks/main.yml:22
skipping: [c2-server] => {"changed": false, "false_condition": "slf_destination_protocol == \"tls\"", "skip_reason": "Conditional result was False"}
skipping: [next-target] => {"changed": false, "false_condition": "slf_destination_protocol == \"tls\"", "skip_reason": "Conditional result was False"}
skipping: [target] => {"changed": false, "false_condition": "slf_destination_protocol == \"tls\"", "skip_reason": "Conditional result was False"}

TASK [sandbox-logging-forward : 60-forward-to-man.conf] ************************
task path: /app/ansible_repo/provisioning/roles/sandbox-logging-forward/tasks/main.yml:26
Notification for handler slf_rsyslog_restart has been saved.
changed: [c2-server] => {"changed": true, "checksum": "c016a2049554060ecbfdf5b8613b2ed378d54a40", "dest": "/etc/rsyslog.d/60-forward-to-man.conf", "gid": 0, "group": "root", "md5sum": "d73b71e38b26338593c04bec9488779e", "mode": "0644", "owner": "root", "size": 632, "src": "/home/ubuntu/.ansible/tmp/ansible-tmp-1781031852.3141215-1314-33829711784469/source", "state": "file", "uid": 0}
Notification for handler slf_rsyslog_restart has been saved.
changed: [target] => {"changed": true, "checksum": "c016a2049554060ecbfdf5b8613b2ed378d54a40", "dest": "/etc/rsyslog.d/60-forward-to-man.conf", "gid": 0, "group": "root", "md5sum": "d73b71e38b26338593c04bec9488779e", "mode": "0644", "owner": "root", "size": 632, "src": "/home/ubuntu/.ansible/tmp/ansible-tmp-1781031852.3317037-1318-191261703308245/source", "state": "file", "uid": 0}
Notification for handler slf_rsyslog_restart has been saved.
changed: [next-target] => {"changed": true, "checksum": "c016a2049554060ecbfdf5b8613b2ed378d54a40", "dest": "/etc/rsyslog.d/60-forward-to-man.conf", "gid": 0, "group": "root", "md5sum": "d73b71e38b26338593c04bec9488779e", "mode": "0644", "owner": "root", "size": 632, "src": "/home/ubuntu/.ansible/tmp/ansible-tmp-1781031852.320063-1315-93826149921193/source", "state": "file", "uid": 0}
NOTIFIED HANDLER sandbox-logging-forward : slf_rsyslog_restart for c2-server
NOTIFIED HANDLER sandbox-logging-forward : slf_rsyslog_restart for next-target
NOTIFIED HANDLER sandbox-logging-forward : slf_rsyslog_restart for target

RUNNING HANDLER [sandbox-logging-forward : slf_rsyslog_restart] ****************
task path: /app/ansible_repo/provisioning/roles/sandbox-logging-forward/handlers/main.yml:2
changed: [c2-server] => {"changed": true, "enabled": true, "name": "rsyslog", "state": "started", "status": {"ActiveEnterTimestamp": "Tue 2026-06-09 18:58:58 UTC", "ActiveEnterTimestampMonotonic": "22705208", "ActiveExitTimestampMonotonic": "0", "ActiveState": "active", "After": "sysinit.target syslog.socket basic.target systemd-journald.socket system.slice", "AllowIsolate": "no", "AssertResult": "yes", "AssertTimestamp": "Tue 2026-06-09 18:58:47 UTC", "AssertTimestampMonotonic": "12060082", "Before": "multi-user.target shutdown.target", "BlockIOAccounting": "no", "BlockIOWeight": "[not set]", "CPUAccounting": "yes", "CPUAffinityFromNUMA": "no", "CPUQuotaPerSecUSec": "infinity", "CPUQuotaPeriodUSec": "infinity", "CPUSchedulingPolicy": "0", "CPUSchedulingPriority": "0", "CPUSchedulingResetOnFork": "no", "CPUShares": "[not set]", "CPUUsageNSec": "104767000", "CPUWeight": "[not set]", "CacheDirectoryMode": "0755", "CanFreeze": "yes", "CanIsolate": "no", "CanReload": "no", "CanStart": "yes", "CanStop": "yes", "CapabilityBoundingSet": "cap_chown cap_dac_override cap_setgid cap_setuid cap_net_bind_service cap_net_admin cap_sys_admin cap_sys_resource cap_lease cap_mac_admin cap_syslog cap_block_suspend", "CleanResult": "success", "CollectMode": "inactive", "ConditionResult": "yes", "ConditionTimestamp": "Tue 2026-06-09 18:58:47 UTC", "ConditionTimestampMonotonic": "12060077", "ConfigurationDirectoryMode": "0755", "Conflicts": "shutdown.target", "ControlGroup": "/system.slice/rsyslog.service", "ControlGroupId": "3028", "ControlPID": "0", "CoredumpFilter": "0x33", "CoredumpReceive": "no", "DefaultDependencies": "yes", "DefaultMemoryLow": "0", "DefaultMemoryMin": "0", "DefaultStartupMemoryLow": "0", "Delegate": "no", "Description": "System Logging Service", "DevicePolicy": "auto", "Documentation": "\"man:rsyslogd(8)\" \"man:rsyslog.conf(5)\" https://www.rsyslog.com/doc/", "DynamicUser": "no", "ExecMainCode": "0", "ExecMainExitTimestampMonotonic": "0", "ExecMainPID": "821", "ExecMainStartTimestamp": "Tue 2026-06-09 18:58:48 UTC", "ExecMainStartTimestampMonotonic": "12547939", "ExecMainStatus": "0", "ExecStart": "{ path=/usr/sbin/rsyslogd ; argv[]=/usr/sbin/rsyslogd -n -iNONE ; ignore_errors=no ; start_time=[n/a] ; stop_time=[n/a] ; pid=0 ; code=(null) ; status=0/0 }", "ExecStartEx": "{ path=/usr/sbin/rsyslogd ; argv[]=/usr/sbin/rsyslogd -n -iNONE ; flags= ; start_time=[n/a] ; stop_time=[n/a] ; pid=0 ; code=(null) ; status=0/0 }", "ExecStartPre": "{ path=/usr/lib/rsyslog/reload-apparmor-profile ; argv[]=/usr/lib/rsyslog/reload-apparmor-profile ; ignore_errors=no ; start_time=[n/a] ; stop_time=[n/a] ; pid=0 ; code=(null) ; status=0/0 }", "ExecStartPreEx": "{ path=/usr/lib/rsyslog/reload-apparmor-profile ; argv[]=/usr/lib/rsyslog/reload-apparmor-profile ; flags= ; start_time=[n/a] ; stop_time=[n/a] ; pid=0 ; code=(null) ; status=0/0 }", "ExitType": "main", "ExtensionImagePolicy": "root=verity+signed+encrypted+unprotected+absent:usr=verity+signed+encrypted+unprotected+absent:home=encrypted+unprotected+absent:srv=encrypted+unprotected+absent:tmp=encrypted+unprotected+absent:var=encrypted+unprotected+absent", "FailureAction": "none", "FileDescriptorStoreMax": "0", "FileDescriptorStorePreserve": "restart", "FinalKillSignal": "9", "FragmentPath": "/usr/lib/systemd/system/rsyslog.service", "FreezerState": "running", "GID": "[not set]", "GuessMainPID": "yes", "IOAccounting": "no", "IOReadBytes": "[not set]", "IOReadOperations": "[not set]", "IOSchedulingClass": "2", "IOSchedulingPriority": "4", "IOWeight": "[not set]", "IOWriteBytes": "[not set]", "IOWriteOperations": "[not set]", "IPAccounting": "no", "IPEgressBytes": "[no data]", "IPEgressPackets": "[no data]", "IPIngressBytes": "[no data]", "IPIngressPackets": "[no data]", "Id": "rsyslog.service", "IgnoreOnIsolate": "no", "IgnoreSIGPIPE": "yes", "InactiveEnterTimestampMonotonic": "0", "InactiveExitTimestamp": "Tue 2026-06-09 18:58:47 UTC", "InactiveExitTimestampMonotonic": "12070065", "InvocationID": "53081381e0634d648292dcdecc69b4b8", "JobRunningTimeoutUSec": "infinity", "JobTimeoutAction": "none", "JobTimeoutUSec": "infinity", "KeyringMode": "private", "KillMode": "control-group", "KillSignal": "15", "LimitAS": "infinity", "LimitASSoft": "infinity", "LimitCORE": "infinity", "LimitCORESoft": "0", "LimitCPU": "infinity", "LimitCPUSoft": "infinity", "LimitDATA": "infinity", "LimitDATASoft": "infinity", "LimitFSIZE": "infinity", "LimitFSIZESoft": "infinity", "LimitLOCKS": "infinity", "LimitLOCKSSoft": "infinity", "LimitMEMLOCK": "8388608", "LimitMEMLOCKSoft": "8388608", "LimitMSGQUEUE": "819200", "LimitMSGQUEUESoft": "819200", "LimitNICE": "0", "LimitNICESoft": "0", "LimitNOFILE": "16384", "LimitNOFILESoft": "16384", "LimitNPROC": "7720", "LimitNPROCSoft": "7720", "LimitRSS": "infinity", "LimitRSSSoft": "infinity", "LimitRTPRIO": "0", "LimitRTPRIOSoft": "0", "LimitRTTIME": "infinity", "LimitRTTIMESoft": "infinity", "LimitSIGPENDING": "7720", "LimitSIGPENDINGSoft": "7720", "LimitSTACK": "infinity", "LimitSTACKSoft": "8388608", "LoadState": "loaded", "LockPersonality": "no", "LogLevelMax": "-1", "LogRateLimitBurst": "0", "LogRateLimitIntervalUSec": "0", "LogsDirectoryMode": "0755", "MainPID": "821", "ManagedOOMMemoryPressure": "auto", "ManagedOOMMemoryPressureLimit": "0", "ManagedOOMPreference": "none", "ManagedOOMSwap": "auto", "MemoryAccounting": "yes", "MemoryAvailable": "1706004480", "MemoryCurrent": "3399680", "MemoryDenyWriteExecute": "no", "MemoryHigh": "infinity", "MemoryKSM": "no", "MemoryLimit": "infinity", "MemoryLow": "0", "MemoryMax": "infinity", "MemoryMin": "0", "MemoryPeak": "5406720", "MemoryPressureThresholdUSec": "200ms", "MemoryPressureWatch": "auto", "MemorySwapCurrent": "0", "MemorySwapMax": "infinity", "MemorySwapPeak": "0", "MemoryZSwapCurrent": "0", "MemoryZSwapMax": "infinity", "MountAPIVFS": "no", "MountImagePolicy": "root=verity+signed+encrypted+unprotected+absent:usr=verity+signed+encrypted+unprotected+absent:home=encrypted+unprotected+absent:srv=encrypted+unprotected+absent:tmp=encrypted+unprotected+absent:var=encrypted+unprotected+absent", "NFileDescriptorStore": "0", "NRestarts": "0", "NUMAPolicy": "n/a", "Names": "rsyslog.service syslog.service", "NeedDaemonReload": "no", "Nice": "0", "NoNewPrivileges": "yes", "NonBlocking": "no", "NotifyAccess": "main", "OOMPolicy": "stop", "OOMScoreAdjust": "0", "OnFailureJobMode": "replace", "OnSuccessJobMode": "fail", "Perpetual": "no", "PrivateDevices": "no", "PrivateIPC": "no", "PrivateMounts": "no", "PrivateNetwork": "no", "PrivateTmp": "no", "PrivateUsers": "no", "ProcSubset": "all", "ProtectClock": "yes", "ProtectControlGroups": "no", "ProtectHome": "no", "ProtectHostname": "yes", "ProtectKernelLogs": "no", "ProtectKernelModules": "no", "ProtectKernelTunables": "no", "ProtectProc": "default", "ProtectSystem": "no", "RefuseManualStart": "no", "RefuseManualStop": "no", "ReloadResult": "success", "ReloadSignal": "1", "RemainAfterExit": "no", "RemoveIPC": "no", "Requires": "system.slice syslog.socket sysinit.target", "Restart": "on-failure", "RestartKillSignal": "15", "RestartMaxDelayUSec": "infinity", "RestartMode": "normal", "RestartSteps": "0", "RestartUSec": "100ms", "RestartUSecNext": "100ms", "RestrictAddressFamilies": "AF_INET AF_INET6 AF_UNIX", "RestrictNamespaces": "no", "RestrictRealtime": "no", "RestrictSUIDSGID": "no", "Result": "success", "RootDirectoryStartOnly": "no", "RootEphemeral": "no", "RootImagePolicy": "root=verity+signed+encrypted+unprotected+absent:usr=verity+signed+encrypted+unprotected+absent:home=encrypted+unprotected+absent:srv=encrypted+unprotected+absent:tmp=encrypted+unprotected+absent:var=encrypted+unprotected+absent", "RuntimeDirectoryMode": "0755", "RuntimeDirectoryPreserve": "no", "RuntimeMaxUSec": "infinity", "RuntimeRandomizedExtraUSec": "0", "SameProcessGroup": "no", "SecureBits": "0", "SendSIGHUP": "no", "SendSIGKILL": "yes", "SetLoginEnvironment": "no", "Slice": "system.slice", "StandardError": "journal", "StandardInput": "null", "StandardOutput": "null", "StartLimitAction": "none", "StartLimitBurst": "5", "StartLimitIntervalUSec": "10s", "StartupBlockIOWeight": "[not set]", "StartupCPUShares": "[not set]", "StartupCPUWeight": "[not set]", "StartupIOWeight": "[not set]", "StartupMemoryHigh": "infinity", "StartupMemoryLow": "0", "StartupMemoryMax": "infinity", "StartupMemorySwapMax": "infinity", "StartupMemoryZSwapMax": "infinity", "StateChangeTimestamp": "Tue 2026-06-09 18:58:58 UTC", "StateChangeTimestampMonotonic": "22705208", "StateDirectoryMode": "0755", "StatusErrno": "0", "StopWhenUnneeded": "no", "SubState": "running", "SuccessAction": "none", "SurviveFinalKillSignal": "no", "SyslogFacility": "3", "SyslogLevel": "6", "SyslogLevelPrefix": "yes", "SyslogPriority": "30", "SystemCallErrorNumber": "2147483646", "SystemCallFilter": "_llseek _newselect accept accept4 access add_key alarm arch_prctl arm_fadvise64_64 bind brk cacheflush capget capset chdir chmod chown chown32 clock_getres clock_getres_time64 clock_gettime clock_gettime64 clock_nanosleep clock_nanosleep_time64 clone clone3 close close_range connect copy_file_range creat dup dup2 dup3 epoll_create epoll_create1 epoll_ctl epoll_ctl_old epoll_pwait epoll_pwait2 epoll_wait epoll_wait_old eventfd eventfd2 execve execveat exit exit_group faccessat faccessat2 fadvise64 fadvise64_64 fallocate fchdir fchmod fchmodat fchmodat2 fchown fchown32 fchownat fcntl fcntl64 fdatasync fgetxattr flistxattr flock fork fremovexattr fsetxattr fstat fstat64 fstatat64 fstatfs fstatfs64 fsync ftruncate ftruncate64 futex futex_time64 futex_waitv futimesat get_mempolicy get_robust_list get_thread_area getcpu getcwd getdents getdents64 getegid getegid32 geteuid geteuid32 getgid getgid32 getgroups getgroups32 getitimer getpeername getpgid getpgrp getpid getppid getpriority getrandom getresgid getresgid32 getresuid getresuid32 getrlimit getrusage getsid getsockname getsockopt gettid gettimeofday getuid getuid32 getxattr inotify_add_watch inotify_init inotify_init1 inotify_rm_watch io_cancel io_destroy io_getevents io_pgetevents io_pgetevents_time64 io_setup io_submit io_uring_enter io_uring_register io_uring_setup ioctl ioprio_get ioprio_set ipc kcmp keyctl kill lchown lchown32 lgetxattr link linkat listen listxattr llistxattr lremovexattr lseek lsetxattr lstat lstat64 madvise mbind membarrier memfd_create migrate_pages mkdir mkdirat mknod mknodat mlock mlock2 mlockall mmap mmap2 move_pages mprotect mq_getsetattr mq_notify mq_open mq_timedreceive mq_timedreceive_time64 mq_timedsend mq_timedsend_time64 mq_unlink mremap msgctl msgget msgrcv msgsnd msync munlock munlockall munmap name_to_handle_at nanosleep newfstatat nice oldfstat oldlstat oldolduname oldstat olduname open openat openat2 pause personality pidfd_open pidfd_send_signal pipe pipe2 poll ppoll ppoll_time64 prctl pread64 preadv preadv2 prlimit64 process_madvise process_vm_readv process_vm_writev pselect6 pselect6_time64 pwrite64 pwritev pwritev2 read readahead readdir readlink readlinkat readv recv recvfrom recvmmsg recvmmsg_time64 recvmsg remap_file_pages removexattr rename renameat renameat2 request_key restart_syscall riscv_flush_icache rmdir rseq rt_sigaction rt_sigpending rt_sigprocmask rt_sigqueueinfo rt_sigreturn rt_sigsuspend rt_sigtimedwait rt_sigtimedwait_time64 rt_tgsigqueueinfo sched_get_priority_max sched_get_priority_min sched_getaffinity sched_getattr sched_getparam sched_getscheduler sched_rr_get_interval sched_rr_get_interval_time64 sched_setaffinity sched_setattr sched_setparam sched_setscheduler sched_yield select semctl semget semop semtimedop semtimedop_time64 send sendfile sendfile64 sendmmsg sendmsg sendto set_mempolicy set_mempolicy_home_node set_robust_list set_thread_area set_tid_address set_tls setfsgid setfsgid32 setfsuid setfsuid32 setgid setgid32 setgroups setgroups32 setitimer setns setpgid setpriority setregid setregid32 setresgid setresgid32 setresuid setresuid32 setreuid setreuid32 setrlimit setsid setsockopt setuid setuid32 setxattr shmat shmctl shmdt shmget shutdown sigaction sigaltstack signal signalfd signalfd4 sigpending sigprocmask sigreturn sigsuspend socket socketcall socketpair splice stat stat64 statfs statfs64 statx swapcontext symlink symlinkat sync sync_file_range sync_file_range2 syncfs sysinfo tee tgkill time timer_create timer_delete timer_getoverrun timer_gettime timer_gettime64 timer_settime timer_settime64 timerfd_create timerfd_gettime timerfd_gettime64 timerfd_settime timerfd_settime64 times tkill truncate truncate64 ugetrlimit umask uname unlink unlinkat unshare userfaultfd utime utimensat utimensat_time64 utimes vfork vmsplice wait4 waitid waitpid write writev", "TTYReset": "no", "TTYVHangup": "no", "TTYVTDisallocate": "no", "TasksAccounting": "yes", "TasksCurrent": "4", "TasksMax": "2316", "TimeoutAbortUSec": "1min 30s", "TimeoutCleanUSec": "infinity", "TimeoutStartFailureMode": "terminate", "TimeoutStartUSec": "1min 30s", "TimeoutStopFailureMode": "terminate", "TimeoutStopUSec": "1min 30s", "TimerSlackNSec": "50000", "Transient": "no", "TriggeredBy": "syslog.socket", "Type": "notify", "UID": "[not set]", "UMask": "0022", "UnitFilePreset": "enabled", "UnitFileState": "enabled", "UtmpMode": "init", "WantedBy": "multi-user.target", "WatchdogSignal": "6", "WatchdogTimestampMonotonic": "0", "WatchdogUSec": "0"}}
changed: [target] => {"changed": true, "enabled": true, "name": "rsyslog", "state": "started", "status": {"ActiveEnterTimestamp": "Tue 2026-06-09 18:58:55 UTC", "ActiveEnterTimestampMonotonic": "22730436", "ActiveExitTimestampMonotonic": "0", "ActiveState": "active", "After": "systemd-journald.socket sysinit.target system.slice basic.target syslog.socket", "AllowIsolate": "no", "AssertResult": "yes", "AssertTimestamp": "Tue 2026-06-09 18:58:44 UTC", "AssertTimestampMonotonic": "12090107", "Before": "shutdown.target multi-user.target", "BlockIOAccounting": "no", "BlockIOWeight": "[not set]", "CPUAccounting": "yes", "CPUAffinityFromNUMA": "no", "CPUQuotaPerSecUSec": "infinity", "CPUQuotaPeriodUSec": "infinity", "CPUSchedulingPolicy": "0", "CPUSchedulingPriority": "0", "CPUSchedulingResetOnFork": "no", "CPUShares": "[not set]", "CPUUsageNSec": "121105000", "CPUWeight": "[not set]", "CacheDirectoryMode": "0755", "CanFreeze": "yes", "CanIsolate": "no", "CanReload": "no", "CanStart": "yes", "CanStop": "yes", "CapabilityBoundingSet": "cap_chown cap_dac_override cap_setgid cap_setuid cap_net_bind_service cap_net_admin cap_sys_admin cap_sys_resource cap_lease cap_mac_admin cap_syslog cap_block_suspend", "CleanResult": "success", "CollectMode": "inactive", "ConditionResult": "yes", "ConditionTimestamp": "Tue 2026-06-09 18:58:44 UTC", "ConditionTimestampMonotonic": "12090102", "ConfigurationDirectoryMode": "0755", "Conflicts": "shutdown.target", "ControlGroup": "/system.slice/rsyslog.service", "ControlGroupId": "3028", "ControlPID": "0", "CoredumpFilter": "0x33", "CoredumpReceive": "no", "DefaultDependencies": "yes", "DefaultMemoryLow": "0", "DefaultMemoryMin": "0", "DefaultStartupMemoryLow": "0", "Delegate": "no", "Description": "System Logging Service", "DevicePolicy": "auto", "Documentation": "\"man:rsyslogd(8)\" \"man:rsyslog.conf(5)\" https://www.rsyslog.com/doc/", "DynamicUser": "no", "ExecMainCode": "0", "ExecMainExitTimestampMonotonic": "0", "ExecMainPID": "812", "ExecMainStartTimestamp": "Tue 2026-06-09 18:58:45 UTC", "ExecMainStartTimestampMonotonic": "12555955", "ExecMainStatus": "0", "ExecStart": "{ path=/usr/sbin/rsyslogd ; argv[]=/usr/sbin/rsyslogd -n -iNONE ; ignore_errors=no ; start_time=[n/a] ; stop_time=[n/a] ; pid=0 ; code=(null) ; status=0/0 }", "ExecStartEx": "{ path=/usr/sbin/rsyslogd ; argv[]=/usr/sbin/rsyslogd -n -iNONE ; flags= ; start_time=[n/a] ; stop_time=[n/a] ; pid=0 ; code=(null) ; status=0/0 }", "ExecStartPre": "{ path=/usr/lib/rsyslog/reload-apparmor-profile ; argv[]=/usr/lib/rsyslog/reload-apparmor-profile ; ignore_errors=no ; start_time=[n/a] ; stop_time=[n/a] ; pid=0 ; code=(null) ; status=0/0 }", "ExecStartPreEx": "{ path=/usr/lib/rsyslog/reload-apparmor-profile ; argv[]=/usr/lib/rsyslog/reload-apparmor-profile ; flags= ; start_time=[n/a] ; stop_time=[n/a] ; pid=0 ; code=(null) ; status=0/0 }", "ExitType": "main", "ExtensionImagePolicy": "root=verity+signed+encrypted+unprotected+absent:usr=verity+signed+encrypted+unprotected+absent:home=encrypted+unprotected+absent:srv=encrypted+unprotected+absent:tmp=encrypted+unprotected+absent:var=encrypted+unprotected+absent", "FailureAction": "none", "FileDescriptorStoreMax": "0", "FileDescriptorStorePreserve": "restart", "FinalKillSignal": "9", "FragmentPath": "/usr/lib/systemd/system/rsyslog.service", "FreezerState": "running", "GID": "[not set]", "GuessMainPID": "yes", "IOAccounting": "no", "IOReadBytes": "[not set]", "IOReadOperations": "[not set]", "IOSchedulingClass": "2", "IOSchedulingPriority": "4", "IOWeight": "[not set]", "IOWriteBytes": "[not set]", "IOWriteOperations": "[not set]", "IPAccounting": "no", "IPEgressBytes": "[no data]", "IPEgressPackets": "[no data]", "IPIngressBytes": "[no data]", "IPIngressPackets": "[no data]", "Id": "rsyslog.service", "IgnoreOnIsolate": "no", "IgnoreSIGPIPE": "yes", "InactiveEnterTimestampMonotonic": "0", "InactiveExitTimestamp": "Tue 2026-06-09 18:58:44 UTC", "InactiveExitTimestampMonotonic": "12096098", "InvocationID": "5791ae75ea274a4084e802b1beafcaf3", "JobRunningTimeoutUSec": "infinity", "JobTimeoutAction": "none", "JobTimeoutUSec": "infinity", "KeyringMode": "private", "KillMode": "control-group", "KillSignal": "15", "LimitAS": "infinity", "LimitASSoft": "infinity", "LimitCORE": "infinity", "LimitCORESoft": "0", "LimitCPU": "infinity", "LimitCPUSoft": "infinity", "LimitDATA": "infinity", "LimitDATASoft": "infinity", "LimitFSIZE": "infinity", "LimitFSIZESoft": "infinity", "LimitLOCKS": "infinity", "LimitLOCKSSoft": "infinity", "LimitMEMLOCK": "8388608", "LimitMEMLOCKSoft": "8388608", "LimitMSGQUEUE": "819200", "LimitMSGQUEUESoft": "819200", "LimitNICE": "0", "LimitNICESoft": "0", "LimitNOFILE": "16384", "LimitNOFILESoft": "16384", "LimitNPROC": "7720", "LimitNPROCSoft": "7720", "LimitRSS": "infinity", "LimitRSSSoft": "infinity", "LimitRTPRIO": "0", "LimitRTPRIOSoft": "0", "LimitRTTIME": "infinity", "LimitRTTIMESoft": "infinity", "LimitSIGPENDING": "7720", "LimitSIGPENDINGSoft": "7720", "LimitSTACK": "infinity", "LimitSTACKSoft": "8388608", "LoadState": "loaded", "LockPersonality": "no", "LogLevelMax": "-1", "LogRateLimitBurst": "0", "LogRateLimitIntervalUSec": "0", "LogsDirectoryMode": "0755", "MainPID": "812", "ManagedOOMMemoryPressure": "auto", "ManagedOOMMemoryPressureLimit": "0", "ManagedOOMPreference": "none", "ManagedOOMSwap": "auto", "MemoryAccounting": "yes", "MemoryAvailable": "1691234304", "MemoryCurrent": "3571712", "MemoryDenyWriteExecute": "no", "MemoryHigh": "infinity", "MemoryKSM": "no", "MemoryLimit": "infinity", "MemoryLow": "0", "MemoryMax": "infinity", "MemoryMin": "0", "MemoryPeak": "5345280", "MemoryPressureThresholdUSec": "200ms", "MemoryPressureWatch": "auto", "MemorySwapCurrent": "0", "MemorySwapMax": "infinity", "MemorySwapPeak": "0", "MemoryZSwapCurrent": "0", "MemoryZSwapMax": "infinity", "MountAPIVFS": "no", "MountImagePolicy": "root=verity+signed+encrypted+unprotected+absent:usr=verity+signed+encrypted+unprotected+absent:home=encrypted+unprotected+absent:srv=encrypted+unprotected+absent:tmp=encrypted+unprotected+absent:var=encrypted+unprotected+absent", "NFileDescriptorStore": "0", "NRestarts": "0", "NUMAPolicy": "n/a", "Names": "rsyslog.service syslog.service", "NeedDaemonReload": "no", "Nice": "0", "NoNewPrivileges": "yes", "NonBlocking": "no", "NotifyAccess": "main", "OOMPolicy": "stop", "OOMScoreAdjust": "0", "OnFailureJobMode": "replace", "OnSuccessJobMode": "fail", "Perpetual": "no", "PrivateDevices": "no", "PrivateIPC": "no", "PrivateMounts": "no", "PrivateNetwork": "no", "PrivateTmp": "no", "PrivateUsers": "no", "ProcSubset": "all", "ProtectClock": "yes", "ProtectControlGroups": "no", "ProtectHome": "no", "ProtectHostname": "yes", "ProtectKernelLogs": "no", "ProtectKernelModules": "no", "ProtectKernelTunables": "no", "ProtectProc": "default", "ProtectSystem": "no", "RefuseManualStart": "no", "RefuseManualStop": "no", "ReloadResult": "success", "ReloadSignal": "1", "RemainAfterExit": "no", "RemoveIPC": "no", "Requires": "syslog.socket system.slice sysinit.target", "Restart": "on-failure", "RestartKillSignal": "15", "RestartMaxDelayUSec": "infinity", "RestartMode": "normal", "RestartSteps": "0", "RestartUSec": "100ms", "RestartUSecNext": "100ms", "RestrictAddressFamilies": "AF_INET AF_INET6 AF_UNIX", "RestrictNamespaces": "no", "RestrictRealtime": "no", "RestrictSUIDSGID": "no", "Result": "success", "RootDirectoryStartOnly": "no", "RootEphemeral": "no", "RootImagePolicy": "root=verity+signed+encrypted+unprotected+absent:usr=verity+signed+encrypted+unprotected+absent:home=encrypted+unprotected+absent:srv=encrypted+unprotected+absent:tmp=encrypted+unprotected+absent:var=encrypted+unprotected+absent", "RuntimeDirectoryMode": "0755", "RuntimeDirectoryPreserve": "no", "RuntimeMaxUSec": "infinity", "RuntimeRandomizedExtraUSec": "0", "SameProcessGroup": "no", "SecureBits": "0", "SendSIGHUP": "no", "SendSIGKILL": "yes", "SetLoginEnvironment": "no", "Slice": "system.slice", "StandardError": "journal", "StandardInput": "null", "StandardOutput": "null", "StartLimitAction": "none", "StartLimitBurst": "5", "StartLimitIntervalUSec": "10s", "StartupBlockIOWeight": "[not set]", "StartupCPUShares": "[not set]", "StartupCPUWeight": "[not set]", "StartupIOWeight": "[not set]", "StartupMemoryHigh": "infinity", "StartupMemoryLow": "0", "StartupMemoryMax": "infinity", "StartupMemorySwapMax": "infinity", "StartupMemoryZSwapMax": "infinity", "StateChangeTimestamp": "Tue 2026-06-09 18:58:55 UTC", "StateChangeTimestampMonotonic": "22730436", "StateDirectoryMode": "0755", "StatusErrno": "0", "StopWhenUnneeded": "no", "SubState": "running", "SuccessAction": "none", "SurviveFinalKillSignal": "no", "SyslogFacility": "3", "SyslogLevel": "6", "SyslogLevelPrefix": "yes", "SyslogPriority": "30", "SystemCallErrorNumber": "2147483646", "SystemCallFilter": "_llseek _newselect accept accept4 access add_key alarm arch_prctl arm_fadvise64_64 bind brk cacheflush capget capset chdir chmod chown chown32 clock_getres clock_getres_time64 clock_gettime clock_gettime64 clock_nanosleep clock_nanosleep_time64 clone clone3 close close_range connect copy_file_range creat dup dup2 dup3 epoll_create epoll_create1 epoll_ctl epoll_ctl_old epoll_pwait epoll_pwait2 epoll_wait epoll_wait_old eventfd eventfd2 execve execveat exit exit_group faccessat faccessat2 fadvise64 fadvise64_64 fallocate fchdir fchmod fchmodat fchmodat2 fchown fchown32 fchownat fcntl fcntl64 fdatasync fgetxattr flistxattr flock fork fremovexattr fsetxattr fstat fstat64 fstatat64 fstatfs fstatfs64 fsync ftruncate ftruncate64 futex futex_time64 futex_waitv futimesat get_mempolicy get_robust_list get_thread_area getcpu getcwd getdents getdents64 getegid getegid32 geteuid geteuid32 getgid getgid32 getgroups getgroups32 getitimer getpeername getpgid getpgrp getpid getppid getpriority getrandom getresgid getresgid32 getresuid getresuid32 getrlimit getrusage getsid getsockname getsockopt gettid gettimeofday getuid getuid32 getxattr inotify_add_watch inotify_init inotify_init1 inotify_rm_watch io_cancel io_destroy io_getevents io_pgetevents io_pgetevents_time64 io_setup io_submit io_uring_enter io_uring_register io_uring_setup ioctl ioprio_get ioprio_set ipc kcmp keyctl kill lchown lchown32 lgetxattr link linkat listen listxattr llistxattr lremovexattr lseek lsetxattr lstat lstat64 madvise mbind membarrier memfd_create migrate_pages mkdir mkdirat mknod mknodat mlock mlock2 mlockall mmap mmap2 move_pages mprotect mq_getsetattr mq_notify mq_open mq_timedreceive mq_timedreceive_time64 mq_timedsend mq_timedsend_time64 mq_unlink mremap msgctl msgget msgrcv msgsnd msync munlock munlockall munmap name_to_handle_at nanosleep newfstatat nice oldfstat oldlstat oldolduname oldstat olduname open openat openat2 pause personality pidfd_open pidfd_send_signal pipe pipe2 poll ppoll ppoll_time64 prctl pread64 preadv preadv2 prlimit64 process_madvise process_vm_readv process_vm_writev pselect6 pselect6_time64 pwrite64 pwritev pwritev2 read readahead readdir readlink readlinkat readv recv recvfrom recvmmsg recvmmsg_time64 recvmsg remap_file_pages removexattr rename renameat renameat2 request_key restart_syscall riscv_flush_icache rmdir rseq rt_sigaction rt_sigpending rt_sigprocmask rt_sigqueueinfo rt_sigreturn rt_sigsuspend rt_sigtimedwait rt_sigtimedwait_time64 rt_tgsigqueueinfo sched_get_priority_max sched_get_priority_min sched_getaffinity sched_getattr sched_getparam sched_getscheduler sched_rr_get_interval sched_rr_get_interval_time64 sched_setaffinity sched_setattr sched_setparam sched_setscheduler sched_yield select semctl semget semop semtimedop semtimedop_time64 send sendfile sendfile64 sendmmsg sendmsg sendto set_mempolicy set_mempolicy_home_node set_robust_list set_thread_area set_tid_address set_tls setfsgid setfsgid32 setfsuid setfsuid32 setgid setgid32 setgroups setgroups32 setitimer setns setpgid setpriority setregid setregid32 setresgid setresgid32 setresuid setresuid32 setreuid setreuid32 setrlimit setsid setsockopt setuid setuid32 setxattr shmat shmctl shmdt shmget shutdown sigaction sigaltstack signal signalfd signalfd4 sigpending sigprocmask sigreturn sigsuspend socket socketcall socketpair splice stat stat64 statfs statfs64 statx swapcontext symlink symlinkat sync sync_file_range sync_file_range2 syncfs sysinfo tee tgkill time timer_create timer_delete timer_getoverrun timer_gettime timer_gettime64 timer_settime timer_settime64 timerfd_create timerfd_gettime timerfd_gettime64 timerfd_settime timerfd_settime64 times tkill truncate truncate64 ugetrlimit umask uname unlink unlinkat unshare userfaultfd utime utimensat utimensat_time64 utimes vfork vmsplice wait4 waitid waitpid write writev", "TTYReset": "no", "TTYVHangup": "no", "TTYVTDisallocate": "no", "TasksAccounting": "yes", "TasksCurrent": "4", "TasksMax": "2316", "TimeoutAbortUSec": "1min 30s", "TimeoutCleanUSec": "infinity", "TimeoutStartFailureMode": "terminate", "TimeoutStartUSec": "1min 30s", "TimeoutStopFailureMode": "terminate", "TimeoutStopUSec": "1min 30s", "TimerSlackNSec": "50000", "Transient": "no", "TriggeredBy": "syslog.socket", "Type": "notify", "UID": "[not set]", "UMask": "0022", "UnitFilePreset": "enabled", "UnitFileState": "enabled", "UtmpMode": "init", "WantedBy": "multi-user.target", "WatchdogSignal": "6", "WatchdogTimestampMonotonic": "0", "WatchdogUSec": "0"}}
changed: [next-target] => {"changed": true, "enabled": true, "name": "rsyslog", "state": "started", "status": {"ActiveEnterTimestamp": "Tue 2026-06-09 18:58:57 UTC", "ActiveEnterTimestampMonotonic": "22820190", "ActiveExitTimestampMonotonic": "0", "ActiveState": "active", "After": "syslog.socket systemd-journald.socket system.slice basic.target sysinit.target", "AllowIsolate": "no", "AssertResult": "yes", "AssertTimestamp": "Tue 2026-06-09 18:58:46 UTC", "AssertTimestampMonotonic": "12219081", "Before": "multi-user.target shutdown.target", "BlockIOAccounting": "no", "BlockIOWeight": "[not set]", "CPUAccounting": "yes", "CPUAffinityFromNUMA": "no", "CPUQuotaPerSecUSec": "infinity", "CPUQuotaPeriodUSec": "infinity", "CPUSchedulingPolicy": "0", "CPUSchedulingPriority": "0", "CPUSchedulingResetOnFork": "no", "CPUShares": "[not set]", "CPUUsageNSec": "99282000", "CPUWeight": "[not set]", "CacheDirectoryMode": "0755", "CanFreeze": "yes", "CanIsolate": "no", "CanReload": "no", "CanStart": "yes", "CanStop": "yes", "CapabilityBoundingSet": "cap_chown cap_dac_override cap_setgid cap_setuid cap_net_bind_service cap_net_admin cap_sys_admin cap_sys_resource cap_lease cap_mac_admin cap_syslog cap_block_suspend", "CleanResult": "success", "CollectMode": "inactive", "ConditionResult": "yes", "ConditionTimestamp": "Tue 2026-06-09 18:58:46 UTC", "ConditionTimestampMonotonic": "12219076", "ConfigurationDirectoryMode": "0755", "Conflicts": "shutdown.target", "ControlGroup": "/system.slice/rsyslog.service", "ControlGroupId": "3028", "ControlPID": "0", "CoredumpFilter": "0x33", "CoredumpReceive": "no", "DefaultDependencies": "yes", "DefaultMemoryLow": "0", "DefaultMemoryMin": "0", "DefaultStartupMemoryLow": "0", "Delegate": "no", "Description": "System Logging Service", "DevicePolicy": "auto", "Documentation": "\"man:rsyslogd(8)\" \"man:rsyslog.conf(5)\" https://www.rsyslog.com/doc/", "DynamicUser": "no", "ExecMainCode": "0", "ExecMainExitTimestampMonotonic": "0", "ExecMainPID": "815", "ExecMainStartTimestamp": "Tue 2026-06-09 18:58:47 UTC", "ExecMainStartTimestampMonotonic": "12689770", "ExecMainStatus": "0", "ExecStart": "{ path=/usr/sbin/rsyslogd ; argv[]=/usr/sbin/rsyslogd -n -iNONE ; ignore_errors=no ; start_time=[n/a] ; stop_time=[n/a] ; pid=0 ; code=(null) ; status=0/0 }", "ExecStartEx": "{ path=/usr/sbin/rsyslogd ; argv[]=/usr/sbin/rsyslogd -n -iNONE ; flags= ; start_time=[n/a] ; stop_time=[n/a] ; pid=0 ; code=(null) ; status=0/0 }", "ExecStartPre": "{ path=/usr/lib/rsyslog/reload-apparmor-profile ; argv[]=/usr/lib/rsyslog/reload-apparmor-profile ; ignore_errors=no ; start_time=[n/a] ; stop_time=[n/a] ; pid=0 ; code=(null) ; status=0/0 }", "ExecStartPreEx": "{ path=/usr/lib/rsyslog/reload-apparmor-profile ; argv[]=/usr/lib/rsyslog/reload-apparmor-profile ; flags= ; start_time=[n/a] ; stop_time=[n/a] ; pid=0 ; code=(null) ; status=0/0 }", "ExitType": "main", "ExtensionImagePolicy": "root=verity+signed+encrypted+unprotected+absent:usr=verity+signed+encrypted+unprotected+absent:home=encrypted+unprotected+absent:srv=encrypted+unprotected+absent:tmp=encrypted+unprotected+absent:var=encrypted+unprotected+absent", "FailureAction": "none", "FileDescriptorStoreMax": "0", "FileDescriptorStorePreserve": "restart", "FinalKillSignal": "9", "FragmentPath": "/usr/lib/systemd/system/rsyslog.service", "FreezerState": "running", "GID": "[not set]", "GuessMainPID": "yes", "IOAccounting": "no", "IOReadBytes": "[not set]", "IOReadOperations": "[not set]", "IOSchedulingClass": "2", "IOSchedulingPriority": "4", "IOWeight": "[not set]", "IOWriteBytes": "[not set]", "IOWriteOperations": "[not set]", "IPAccounting": "no", "IPEgressBytes": "[no data]", "IPEgressPackets": "[no data]", "IPIngressBytes": "[no data]", "IPIngressPackets": "[no data]", "Id": "rsyslog.service", "IgnoreOnIsolate": "no", "IgnoreSIGPIPE": "yes", "InactiveEnterTimestampMonotonic": "0", "InactiveExitTimestamp": "Tue 2026-06-09 18:58:47 UTC", "InactiveExitTimestampMonotonic": "12226109", "InvocationID": "e16038c14800406a8d7fa787b358eb4d", "JobRunningTimeoutUSec": "infinity", "JobTimeoutAction": "none", "JobTimeoutUSec": "infinity", "KeyringMode": "private", "KillMode": "control-group", "KillSignal": "15", "LimitAS": "infinity", "LimitASSoft": "infinity", "LimitCORE": "infinity", "LimitCORESoft": "0", "LimitCPU": "infinity", "LimitCPUSoft": "infinity", "LimitDATA": "infinity", "LimitDATASoft": "infinity", "LimitFSIZE": "infinity", "LimitFSIZESoft": "infinity", "LimitLOCKS": "infinity", "LimitLOCKSSoft": "infinity", "LimitMEMLOCK": "8388608", "LimitMEMLOCKSoft": "8388608", "LimitMSGQUEUE": "819200", "LimitMSGQUEUESoft": "819200", "LimitNICE": "0", "LimitNICESoft": "0", "LimitNOFILE": "16384", "LimitNOFILESoft": "16384", "LimitNPROC": "7720", "LimitNPROCSoft": "7720", "LimitRSS": "infinity", "LimitRSSSoft": "infinity", "LimitRTPRIO": "0", "LimitRTPRIOSoft": "0", "LimitRTTIME": "infinity", "LimitRTTIMESoft": "infinity", "LimitSIGPENDING": "7720", "LimitSIGPENDINGSoft": "7720", "LimitSTACK": "infinity", "LimitSTACKSoft": "8388608", "LoadState": "loaded", "LockPersonality": "no", "LogLevelMax": "-1", "LogRateLimitBurst": "0", "LogRateLimitIntervalUSec": "0", "LogsDirectoryMode": "0755", "MainPID": "815", "ManagedOOMMemoryPressure": "auto", "ManagedOOMMemoryPressureLimit": "0", "ManagedOOMPreference": "none", "ManagedOOMSwap": "auto", "MemoryAccounting": "yes", "MemoryAvailable": "1688117248", "MemoryCurrent": "3506176", "MemoryDenyWriteExecute": "no", "MemoryHigh": "infinity", "MemoryKSM": "no", "MemoryLimit": "infinity", "MemoryLow": "0", "MemoryMax": "infinity", "MemoryMin": "0", "MemoryPeak": "5406720", "MemoryPressureThresholdUSec": "200ms", "MemoryPressureWatch": "auto", "MemorySwapCurrent": "0", "MemorySwapMax": "infinity", "MemorySwapPeak": "0", "MemoryZSwapCurrent": "0", "MemoryZSwapMax": "infinity", "MountAPIVFS": "no", "MountImagePolicy": "root=verity+signed+encrypted+unprotected+absent:usr=verity+signed+encrypted+unprotected+absent:home=encrypted+unprotected+absent:srv=encrypted+unprotected+absent:tmp=encrypted+unprotected+absent:var=encrypted+unprotected+absent", "NFileDescriptorStore": "0", "NRestarts": "0", "NUMAPolicy": "n/a", "Names": "rsyslog.service syslog.service", "NeedDaemonReload": "no", "Nice": "0", "NoNewPrivileges": "yes", "NonBlocking": "no", "NotifyAccess": "main", "OOMPolicy": "stop", "OOMScoreAdjust": "0", "OnFailureJobMode": "replace", "OnSuccessJobMode": "fail", "Perpetual": "no", "PrivateDevices": "no", "PrivateIPC": "no", "PrivateMounts": "no", "PrivateNetwork": "no", "PrivateTmp": "no", "PrivateUsers": "no", "ProcSubset": "all", "ProtectClock": "yes", "ProtectControlGroups": "no", "ProtectHome": "no", "ProtectHostname": "yes", "ProtectKernelLogs": "no", "ProtectKernelModules": "no", "ProtectKernelTunables": "no", "ProtectProc": "default", "ProtectSystem": "no", "RefuseManualStart": "no", "RefuseManualStop": "no", "ReloadResult": "success", "ReloadSignal": "1", "RemainAfterExit": "no", "RemoveIPC": "no", "Requires": "sysinit.target syslog.socket system.slice", "Restart": "on-failure", "RestartKillSignal": "15", "RestartMaxDelayUSec": "infinity", "RestartMode": "normal", "RestartSteps": "0", "RestartUSec": "100ms", "RestartUSecNext": "100ms", "RestrictAddressFamilies": "AF_INET AF_INET6 AF_UNIX", "RestrictNamespaces": "no", "RestrictRealtime": "no", "RestrictSUIDSGID": "no", "Result": "success", "RootDirectoryStartOnly": "no", "RootEphemeral": "no", "RootImagePolicy": "root=verity+signed+encrypted+unprotected+absent:usr=verity+signed+encrypted+unprotected+absent:home=encrypted+unprotected+absent:srv=encrypted+unprotected+absent:tmp=encrypted+unprotected+absent:var=encrypted+unprotected+absent", "RuntimeDirectoryMode": "0755", "RuntimeDirectoryPreserve": "no", "RuntimeMaxUSec": "infinity", "RuntimeRandomizedExtraUSec": "0", "SameProcessGroup": "no", "SecureBits": "0", "SendSIGHUP": "no", "SendSIGKILL": "yes", "SetLoginEnvironment": "no", "Slice": "system.slice", "StandardError": "journal", "StandardInput": "null", "StandardOutput": "null", "StartLimitAction": "none", "StartLimitBurst": "5", "StartLimitIntervalUSec": "10s", "StartupBlockIOWeight": "[not set]", "StartupCPUShares": "[not set]", "StartupCPUWeight": "[not set]", "StartupIOWeight": "[not set]", "StartupMemoryHigh": "infinity", "StartupMemoryLow": "0", "StartupMemoryMax": "infinity", "StartupMemorySwapMax": "infinity", "StartupMemoryZSwapMax": "infinity", "StateChangeTimestamp": "Tue 2026-06-09 18:58:57 UTC", "StateChangeTimestampMonotonic": "22820190", "StateDirectoryMode": "0755", "StatusErrno": "0", "StopWhenUnneeded": "no", "SubState": "running", "SuccessAction": "none", "SurviveFinalKillSignal": "no", "SyslogFacility": "3", "SyslogLevel": "6", "SyslogLevelPrefix": "yes", "SyslogPriority": "30", "SystemCallErrorNumber": "2147483646", "SystemCallFilter": "_llseek _newselect accept accept4 access add_key alarm arch_prctl arm_fadvise64_64 bind brk cacheflush capget capset chdir chmod chown chown32 clock_getres clock_getres_time64 clock_gettime clock_gettime64 clock_nanosleep clock_nanosleep_time64 clone clone3 close close_range connect copy_file_range creat dup dup2 dup3 epoll_create epoll_create1 epoll_ctl epoll_ctl_old epoll_pwait epoll_pwait2 epoll_wait epoll_wait_old eventfd eventfd2 execve execveat exit exit_group faccessat faccessat2 fadvise64 fadvise64_64 fallocate fchdir fchmod fchmodat fchmodat2 fchown fchown32 fchownat fcntl fcntl64 fdatasync fgetxattr flistxattr flock fork fremovexattr fsetxattr fstat fstat64 fstatat64 fstatfs fstatfs64 fsync ftruncate ftruncate64 futex futex_time64 futex_waitv futimesat get_mempolicy get_robust_list get_thread_area getcpu getcwd getdents getdents64 getegid getegid32 geteuid geteuid32 getgid getgid32 getgroups getgroups32 getitimer getpeername getpgid getpgrp getpid getppid getpriority getrandom getresgid getresgid32 getresuid getresuid32 getrlimit getrusage getsid getsockname getsockopt gettid gettimeofday getuid getuid32 getxattr inotify_add_watch inotify_init inotify_init1 inotify_rm_watch io_cancel io_destroy io_getevents io_pgetevents io_pgetevents_time64 io_setup io_submit io_uring_enter io_uring_register io_uring_setup ioctl ioprio_get ioprio_set ipc kcmp keyctl kill lchown lchown32 lgetxattr link linkat listen listxattr llistxattr lremovexattr lseek lsetxattr lstat lstat64 madvise mbind membarrier memfd_create migrate_pages mkdir mkdirat mknod mknodat mlock mlock2 mlockall mmap mmap2 move_pages mprotect mq_getsetattr mq_notify mq_open mq_timedreceive mq_timedreceive_time64 mq_timedsend mq_timedsend_time64 mq_unlink mremap msgctl msgget msgrcv msgsnd msync munlock munlockall munmap name_to_handle_at nanosleep newfstatat nice oldfstat oldlstat oldolduname oldstat olduname open openat openat2 pause personality pidfd_open pidfd_send_signal pipe pipe2 poll ppoll ppoll_time64 prctl pread64 preadv preadv2 prlimit64 process_madvise process_vm_readv process_vm_writev pselect6 pselect6_time64 pwrite64 pwritev pwritev2 read readahead readdir readlink readlinkat readv recv recvfrom recvmmsg recvmmsg_time64 recvmsg remap_file_pages removexattr rename renameat renameat2 request_key restart_syscall riscv_flush_icache rmdir rseq rt_sigaction rt_sigpending rt_sigprocmask rt_sigqueueinfo rt_sigreturn rt_sigsuspend rt_sigtimedwait rt_sigtimedwait_time64 rt_tgsigqueueinfo sched_get_priority_max sched_get_priority_min sched_getaffinity sched_getattr sched_getparam sched_getscheduler sched_rr_get_interval sched_rr_get_interval_time64 sched_setaffinity sched_setattr sched_setparam sched_setscheduler sched_yield select semctl semget semop semtimedop semtimedop_time64 send sendfile sendfile64 sendmmsg sendmsg sendto set_mempolicy set_mempolicy_home_node set_robust_list set_thread_area set_tid_address set_tls setfsgid setfsgid32 setfsuid setfsuid32 setgid setgid32 setgroups setgroups32 setitimer setns setpgid setpriority setregid setregid32 setresgid setresgid32 setresuid setresuid32 setreuid setreuid32 setrlimit setsid setsockopt setuid setuid32 setxattr shmat shmctl shmdt shmget shutdown sigaction sigaltstack signal signalfd signalfd4 sigpending sigprocmask sigreturn sigsuspend socket socketcall socketpair splice stat stat64 statfs statfs64 statx swapcontext symlink symlinkat sync sync_file_range sync_file_range2 syncfs sysinfo tee tgkill time timer_create timer_delete timer_getoverrun timer_gettime timer_gettime64 timer_settime timer_settime64 timerfd_create timerfd_gettime timerfd_gettime64 timerfd_settime timerfd_settime64 times tkill truncate truncate64 ugetrlimit umask uname unlink unlinkat unshare userfaultfd utime utimensat utimensat_time64 utimes vfork vmsplice wait4 waitid waitpid write writev", "TTYReset": "no", "TTYVHangup": "no", "TTYVTDisallocate": "no", "TasksAccounting": "yes", "TasksCurrent": "4", "TasksMax": "2316", "TimeoutAbortUSec": "1min 30s", "TimeoutCleanUSec": "infinity", "TimeoutStartFailureMode": "terminate", "TimeoutStartUSec": "1min 30s", "TimeoutStopFailureMode": "terminate", "TimeoutStopUSec": "1min 30s", "TimerSlackNSec": "50000", "Transient": "no", "TriggeredBy": "syslog.socket", "Type": "notify", "UID": "[not set]", "UMask": "0022", "UnitFilePreset": "enabled", "UnitFileState": "enabled", "UtmpMode": "init", "WantedBy": "multi-user.target", "WatchdogSignal": "6", "WatchdogTimestampMonotonic": "0", "WatchdogUSec": "0"}}

PLAY RECAP *********************************************************************
c2-server                  : ok=26   changed=12   unreachable=0    failed=0    skipped=8    rescued=0    ignored=0   
next-target                : ok=37   changed=16   unreachable=0    failed=0    skipped=8    rescued=0    ignored=0   
router                     : ok=2    changed=0    unreachable=0    failed=0    skipped=1    rescued=0    ignored=0   
target                     : ok=69   changed=36   unreachable=0    failed=0    skipped=11   rescued=0    ignored=0   

