branch '2026-05-18_Mirai-Botnet-Investigation_a3a' set up to track 'origin/2026-05-18_Mirai-Botnet-Investigation_a3a'.
Switched to a new branch '2026-05-18_Mirai-Botnet-Investigation_a3a'
Starting galaxy role install process
- extracting user-access to /app/ansible_repo/provisioning/roles/user-access
- user-access (v1.0.0) was installed successfully
- extracting disable-qxl to /app/ansible_repo/provisioning/roles/disable-qxl
- disable-qxl (v1.0.0) was installed successfully
- extracting sandbox-logging to /app/ansible_repo/provisioning/roles/sandbox-logging
- sandbox-logging (v1.0.0) was installed successfully
- adding dependency: sandbox-logging-bash (v1.0.0)
- adding dependency: sandbox-logging-msf (v1.0.0)
- adding dependency: sandbox-logging-forward (v1.0.0)
- extracting sandbox-logging-bash to /app/ansible_repo/provisioning/roles/sandbox-logging-bash
- sandbox-logging-bash (v1.0.0) was installed successfully
- extracting sandbox-logging-msf to /app/ansible_repo/provisioning/roles/sandbox-logging-msf
- sandbox-logging-msf (v1.0.0) was installed successfully
- extracting sandbox-logging-forward to /app/ansible_repo/provisioning/roles/sandbox-logging-forward
- sandbox-logging-forward (v1.0.0) was installed successfully
ansible-playbook [core 2.16.14]
  config file = None
  configured module search path = ['/root/.ansible/plugins/modules', '/usr/share/ansible/plugins/modules']
  ansible python module location = /usr/local/lib/python3.12/site-packages/ansible
  ansible collection location = /root/.ansible/collections:/usr/share/ansible/collections
  executable location = /usr/local/bin/ansible-playbook
  python version = 3.12.11 (main, Sep  8 2025, 21:45:40) [GCC 12.2.0] (/usr/local/bin/python3.12)
  jinja version = 3.1.6
  libyaml = True
No config file found; using defaults
redirecting (type: modules) ansible.builtin.authorized_key to ansible.posix.authorized_key
redirecting (type: modules) ansible.builtin.authorized_key to ansible.posix.authorized_key
statically imported: /app/ansible_repo/provisioning/roles/sandbox-logging-bash/tasks/bash.yml
Skipping callback 'default', as we already have a stdout callback.
Skipping callback 'minimal', as we already have a stdout callback.
Skipping callback 'oneline', as we already have a stdout callback.

PLAYBOOK: playbook.yml *********************************************************
13 plays in playbook.yml

PLAY [disable qxl] *************************************************************

TASK [Gathering Facts] *********************************************************
task path: /app/ansible_repo/provisioning/playbook.yml:2
ok: [router]
ok: [bot1]
ok: [victim]
ok: [c2-server]
ok: [bot2]

TASK [include_role : disable-qxl] **********************************************
task path: /app/ansible_repo/provisioning/playbook.yml:9

TASK [disable-qxl : check if qxl module is loaded in kernel] *******************
task path: /app/ansible_repo/provisioning/roles/disable-qxl/tasks/main.yml:2
ok: [router] => {"changed": false, "cmd": "lsmod | grep \"^qxl \"", "delta": "0:00:00.007851", "end": "2026-05-27 17:33:06.241564", "failed_when_result": false, "msg": "non-zero return code", "rc": 1, "start": "2026-05-27 17:33:06.233713", "stderr": "", "stderr_lines": [], "stdout": "", "stdout_lines": []}
ok: [bot1] => {"changed": false, "cmd": "lsmod | grep \"^qxl \"", "delta": "0:00:00.008774", "end": "2026-05-27 17:33:06.291378", "failed_when_result": false, "msg": "non-zero return code", "rc": 1, "start": "2026-05-27 17:33:06.282604", "stderr": "", "stderr_lines": [], "stdout": "", "stdout_lines": []}
ok: [bot2] => {"changed": false, "cmd": "lsmod | grep \"^qxl \"", "delta": "0:00:00.007996", "end": "2026-05-27 17:33:06.288541", "failed_when_result": false, "msg": "non-zero return code", "rc": 1, "start": "2026-05-27 17:33:06.280545", "stderr": "", "stderr_lines": [], "stdout": "", "stdout_lines": []}
ok: [victim] => {"changed": false, "cmd": "lsmod | grep \"^qxl \"", "delta": "0:00:00.007863", "end": "2026-05-27 17:33:06.298946", "failed_when_result": false, "msg": "non-zero return code", "rc": 1, "start": "2026-05-27 17:33:06.291083", "stderr": "", "stderr_lines": [], "stdout": "", "stdout_lines": []}
ok: [c2-server] => {"changed": false, "cmd": "lsmod | grep \"^qxl \"", "delta": "0:00:00.007738", "end": "2026-05-27 17:33:06.321804", "failed_when_result": false, "msg": "non-zero return code", "rc": 1, "start": "2026-05-27 17:33:06.314066", "stderr": "", "stderr_lines": [], "stdout": "", "stdout_lines": []}

TASK [disable-qxl : include_tasks] *********************************************
task path: /app/ansible_repo/provisioning/roles/disable-qxl/tasks/main.yml:8
skipping: [router] => {"changed": false, "false_condition": "not disable_qxl_lsmod_output.rc", "skip_reason": "Conditional result was False"}
skipping: [bot1] => {"changed": false, "false_condition": "not disable_qxl_lsmod_output.rc", "skip_reason": "Conditional result was False"}
skipping: [bot2] => {"changed": false, "false_condition": "not disable_qxl_lsmod_output.rc", "skip_reason": "Conditional result was False"}
skipping: [c2-server] => {"changed": false, "false_condition": "not disable_qxl_lsmod_output.rc", "skip_reason": "Conditional result was False"}
skipping: [victim] => {"changed": false, "false_condition": "not disable_qxl_lsmod_output.rc", "skip_reason": "Conditional result was False"}

PLAY [set up bot1] *************************************************************

TASK [Gathering Facts] *********************************************************
task path: /app/ansible_repo/provisioning/playbook.yml:14
ok: [bot1]

TASK [bot : Add host aliases] **************************************************
task path: /app/ansible_repo/provisioning/roles/bot/tasks/main.yml:2
changed: [bot1] => (item={'ip': '192.168.70.5', 'name': 'c2-server'}) => {"ansible_loop_var": "item", "backup": "", "changed": true, "item": {"ip": "192.168.70.5", "name": "c2-server"}, "msg": "line added"}
changed: [bot1] => (item={'ip': '192.168.70.10', 'name': 'bot1'}) => {"ansible_loop_var": "item", "backup": "", "changed": true, "item": {"ip": "192.168.70.10", "name": "bot1"}, "msg": "line added"}
changed: [bot1] => (item={'ip': '192.168.70.11', 'name': 'bot2'}) => {"ansible_loop_var": "item", "backup": "", "changed": true, "item": {"ip": "192.168.70.11", "name": "bot2"}, "msg": "line added"}

TASK [bot : Add bot user] ******************************************************
task path: /app/ansible_repo/provisioning/roles/bot/tasks/main.yml:9
[DEPRECATION WARNING]: Encryption using the Python crypt module is deprecated. 
The Python crypt module is deprecated and will be removed from Python 3.13. 
Install the passlib library for continued encryption functionality. This 
feature will be removed in version 2.17. Deprecation warnings can be disabled 
by setting deprecation_warnings=False in ansible.cfg.
changed: [bot1] => {"changed": true, "comment": "", "create_home": true, "group": 1001, "home": "/home/cyrano", "name": "cyrano", "password": "NOT_LOGGING_PASSWORD", "shell": "/bin/bash", "state": "present", "system": false, "uid": 1001}

TASK [bot : Install packages] **************************************************
task path: /app/ansible_repo/provisioning/roles/bot/tasks/main.yml:16
ok: [bot1] => {"cache_update_time": 1779903195, "cache_updated": true, "changed": false}

TASK [bot : Create hidden bot cache directory] *********************************
task path: /app/ansible_repo/provisioning/roles/bot/tasks/main.yml:22
changed: [bot1] => {"changed": true, "gid": 0, "group": "root", "mode": "0755", "owner": "root", "path": "/var/lib/.botcache", "size": 4096, "state": "directory", "uid": 0}

TASK [bot : Create hidden binary staging directory] ****************************
task path: /app/ansible_repo/provisioning/roles/bot/tasks/main.yml:30
changed: [bot1] => {"changed": true, "gid": 0, "group": "root", "mode": "0755", "owner": "root", "path": "/usr/local/lib/.botcache", "size": 4096, "state": "directory", "uid": 0}

TASK [bot : Copy decoy files to bot user home] *********************************
task path: /app/ansible_repo/provisioning/roles/bot/tasks/main.yml:38
skipping: [bot1] => {"changed": false, "skipped_reason": "No items in the list"}

TASK [bot : Create Payloads] ***************************************************
task path: /app/ansible_repo/provisioning/roles/bot/tasks/main.yml:46
changed: [bot1] => (item={'name': 'Hilix.sh', 'content': 'Hilix.sh'}) => {"ansible_loop_var": "item", "changed": true, "checksum": "77da4188f1096f4a38649c9c98475a4d885f1562", "dest": "/home/cyrano/Hilix.sh", "gid": 0, "group": "root", "item": {"content": "Hilix.sh", "name": "Hilix.sh"}, "md5sum": "d017bd7e58bd309c58f0022a7774881e", "mode": "0644", "owner": "cyrano", "size": 8, "src": "/home/ubuntu/.ansible/tmp/ansible-tmp-1779903200.1800997-328-259639862198083/source", "state": "file", "uid": 1001}
changed: [bot1] => (item={'name': 'ec413215dc385d95e1c89d9bda44de4d', 'content': 'ec413215dc385d95e1c89d9bda44de4d'}) => {"ansible_loop_var": "item", "changed": true, "checksum": "4620b118cc736b434e131b70b0bc9b3ffa362aee", "dest": "/home/cyrano/ec413215dc385d95e1c89d9bda44de4d", "gid": 0, "group": "root", "item": {"content": "ec413215dc385d95e1c89d9bda44de4d", "name": "ec413215dc385d95e1c89d9bda44de4d"}, "md5sum": "d9141d0769ebd24b0af65d9e33755a10", "mode": "0644", "owner": "cyrano", "size": 32, "src": "/home/ubuntu/.ansible/tmp/ansible-tmp-1779903201.0850174-328-275818601543483/source", "state": "file", "uid": 1001}
changed: [bot1] => (item={'name': 'Hilix.mips', 'content': 'Hilix.mips'}) => {"ansible_loop_var": "item", "changed": true, "checksum": "2ca4a8f1507fb9d31111745caa35fe9a6ff07f6a", "dest": "/home/cyrano/Hilix.mips", "gid": 0, "group": "root", "item": {"content": "Hilix.mips", "name": "Hilix.mips"}, "md5sum": "065a9e100fc0ba5024c9c29039af5df3", "mode": "0644", "owner": "cyrano", "size": 10, "src": "/home/ubuntu/.ansible/tmp/ansible-tmp-1779903201.881275-328-165684490055888/source", "state": "file", "uid": 1001}

TASK [bot : Place flags] *******************************************************
task path: /app/ansible_repo/provisioning/roles/bot/tasks/main.yml:55
changed: [bot1] => (item={'dest': '/home/cyrano/flag.txt', 'owner': 'cyrano', 'content': ''}) => {"ansible_loop_var": "item", "changed": true, "checksum": "adc83b19e793491b1c6ea0fd8b46cd9f32e592fc", "dest": "/home/cyrano/flag.txt", "gid": 0, "group": "root", "item": {"content": "", "dest": "/home/cyrano/flag.txt", "owner": "cyrano"}, "md5sum": "68b329da9893e34099c7d8ad5cb9c940", "mode": "0600", "owner": "cyrano", "size": 1, "src": "/home/ubuntu/.ansible/tmp/ansible-tmp-1779903202.6779976-371-221784885131025/source", "state": "file", "uid": 1001}
changed: [bot1] => (item={'dest': '/var/lib/.botcache/.root_flag', 'owner': 'root', 'content': ''}) => {"ansible_loop_var": "item", "changed": true, "checksum": "adc83b19e793491b1c6ea0fd8b46cd9f32e592fc", "dest": "/var/lib/.botcache/.root_flag", "gid": 0, "group": "root", "item": {"content": "", "dest": "/var/lib/.botcache/.root_flag", "owner": "root"}, "md5sum": "68b329da9893e34099c7d8ad5cb9c940", "mode": "0600", "owner": "root", "size": 1, "src": "/home/ubuntu/.ansible/tmp/ansible-tmp-1779903203.493977-371-242765228206156/source", "state": "file", "uid": 0}

TASK [bot : Install persistence script disguised as system updater] ************
task path: /app/ansible_repo/provisioning/roles/bot/tasks/main.yml:63
changed: [bot1] => {"changed": true, "checksum": "93c106b0f03047fc405171cca42f60a96b5b2a91", "dest": "/usr/local/lib/.botcache/sys-updater.sh", "gid": 0, "group": "root", "md5sum": "153f960f1b197b3780d4dcdce8d19089", "mode": "0755", "owner": "root", "size": 164, "src": "/home/ubuntu/.ansible/tmp/ansible-tmp-1779903204.2922816-400-45094582993439/source", "state": "file", "uid": 0}

TASK [bot : Create persistence systemd service (disguised name)] ***************
task path: /app/ansible_repo/provisioning/roles/bot/tasks/main.yml:76
changed: [bot1] => {"changed": true, "checksum": "0c304d2586edd2e07ca720045ac74b4cbb49f10e", "dest": "/etc/systemd/system/system-update-checker.service", "gid": 0, "group": "root", "md5sum": "a4c9fe3bd86995ddb9b4c9471afed984", "mode": "0644", "owner": "root", "size": 216, "src": "/home/ubuntu/.ansible/tmp/ansible-tmp-1779903205.0821779-415-31381167907513/source", "state": "file", "uid": 0}

TASK [bot : Create persistence systemd timer] **********************************
task path: /app/ansible_repo/provisioning/roles/bot/tasks/main.yml:95
changed: [bot1] => {"changed": true, "checksum": "c20e6e822d73bc6c1510523efc756394bd12bac9", "dest": "/etc/systemd/system/system-update-checker.timer", "gid": 0, "group": "root", "md5sum": "74aeda0f423d461ab6933757743b45d8", "mode": "0644", "owner": "root", "size": 170, "src": "/home/ubuntu/.ansible/tmp/ansible-tmp-1779903205.8637-430-59663092792072/source", "state": "file", "uid": 0}

TASK [bot : Reload systemd] ****************************************************
task path: /app/ansible_repo/provisioning/roles/bot/tasks/main.yml:113
ok: [bot1] => {"changed": false, "name": null, "status": {}}

TASK [bot : Enable persistence timer] ******************************************
task path: /app/ansible_repo/provisioning/roles/bot/tasks/main.yml:117
changed: [bot1] => {"changed": true, "enabled": true, "name": "system-update-checker.timer", "state": "started", "status": {"AccuracyUSec": "1min", "ActiveEnterTimestampMonotonic": "0", "ActiveExitTimestampMonotonic": "0", "ActiveState": "inactive", "After": "sysinit.target", "AllowIsolate": "no", "AssertResult": "no", "AssertTimestampMonotonic": "0", "Before": "shutdown.target timers.target system-update-checker.service", "CanFreeze": "no", "CanIsolate": "no", "CanReload": "no", "CanStart": "yes", "CanStop": "yes", "CollectMode": "inactive", "ConditionResult": "no", "ConditionTimestampMonotonic": "0", "Conflicts": "shutdown.target", "DefaultDependencies": "yes", "Description": "Periodic system update health check", "FailureAction": "none", "FixedRandomDelay": "no", "FragmentPath": "/etc/systemd/system/system-update-checker.timer", "FreezerState": "running", "Id": "system-update-checker.timer", "IgnoreOnIsolate": "no", "InactiveEnterTimestampMonotonic": "0", "InactiveExitTimestampMonotonic": "0", "JobRunningTimeoutUSec": "infinity", "JobTimeoutAction": "none", "JobTimeoutUSec": "infinity", "LastTriggerUSecMonotonic": "0", "LoadState": "loaded", "Names": "system-update-checker.timer", "NeedDaemonReload": "no", "NextElapseUSecMonotonic": "infinity", "OnClockChange": "no", "OnFailureJobMode": "replace", "OnSuccessJobMode": "fail", "OnTimezoneChange": "no", "Perpetual": "no", "Persistent": "no", "RandomizedDelayUSec": "0", "RefuseManualStart": "no", "RefuseManualStop": "no", "RemainAfterElapse": "yes", "Requires": "sysinit.target", "Result": "success", "StartLimitAction": "none", "StartLimitBurst": "5", "StartLimitIntervalUSec": "10s", "StateChangeTimestampMonotonic": "0", "StopWhenUnneeded": "no", "SubState": "dead", "SuccessAction": "none", "SurviveFinalKillSignal": "no", "TimersMonotonic": "{ OnBootUSec=1min ; next_elapse=0 }", "Transient": "no", "Triggers": "system-update-checker.service", "Unit": "system-update-checker.service", "UnitFilePreset": "enabled", "UnitFileState": "disabled", "WakeSystem": "no"}}

TASK [user-access : include_vars] **********************************************
task path: /app/ansible_repo/provisioning/roles/user-access/tasks/main.yml:1
ok: [bot1] => {"ansible_facts": {"user_access_ssh_service": "sshd", "user_access_sshd_config": "/etc/ssh/sshd_config", "user_access_systemd_unit": "ssh"}, "ansible_included_var_files": ["/app/ansible_repo/provisioning/roles/user-access/vars/Debian.yml"], "changed": false}

TASK [user-access : include_tasks] *********************************************
task path: /app/ansible_repo/provisioning/roles/user-access/tasks/main.yml:3
redirecting (type: modules) ansible.builtin.authorized_key to ansible.posix.authorized_key
included: /app/ansible_repo/provisioning/roles/user-access/tasks/create_user.yml for bot1

TASK [user-access : ensure existence of user] **********************************
task path: /app/ansible_repo/provisioning/roles/user-access/tasks/create_user.yml:1
ok: [bot1] => {"append": false, "changed": false, "comment": "", "group": 1001, "home": "/home/cyrano", "move_home": false, "name": "cyrano", "shell": "/bin/bash", "state": "present", "uid": 1001}

TASK [user-access : Enforce owner & group on directory] ************************
task path: /app/ansible_repo/provisioning/roles/user-access/tasks/create_user.yml:6
changed: [bot1] => {"changed": true, "gid": 1001, "group": "cyrano", "mode": "0750", "owner": "cyrano", "path": "/home/cyrano", "size": 4096, "state": "directory", "uid": 1001}

TASK [user-access : ensure existence of SSH directory] *************************
task path: /app/ansible_repo/provisioning/roles/user-access/tasks/create_user.yml:14
changed: [bot1] => {"changed": true, "gid": 1001, "group": "cyrano", "mode": "0700", "owner": "cyrano", "path": "/home/cyrano/.ssh", "size": 4096, "state": "directory", "uid": 1001}

TASK [user-access : add public key to authorized keys] *************************
task path: /app/ansible_repo/provisioning/roles/user-access/tasks/create_user.yml:22
redirecting (type: modules) ansible.builtin.authorized_key to ansible.posix.authorized_key
redirecting (type: modules) ansible.builtin.authorized_key to ansible.posix.authorized_key
changed: [bot1] => {"changed": true, "comment": null, "exclusive": false, "follow": false, "key": "ssh-rsa AAAAB3NzaC1yc2EAAAADAQABAAABAQDSfQTIA8aNIum5rJ0PNi4jgCN/FR0Bo/JtmGf98cNUfItlPppTKsg8Ew67Nr8rwECFtoPCtJ1p9/qHgKgZ+/jjTAwk1ZlNFu39HlGs/J5Put9KzdvW8WqBZLwpFbeglvVC5RprkVeFDEmHgqVOaMAyjet7nNDnxz0N8JN+XtcUhDjVki+EUvuel21CCtYwpRpexNzSVLiQZ3MYbf5TPEg0cR82f/j1UmjJIunINBZgc3+udOFNrknn/EpQx3rPFCl0bj09cpxv3zFktKwBrujAthfafIkOgMXF/CTaKBGef0ADHMxKXPN0Z6W48erisJHUNu14QyebGMcz/O7iq0bZ", "key_options": "", "keyfile": "/home/cyrano/.ssh/authorized_keys", "manage_dir": true, "path": null, "state": "present", "user": "cyrano", "validate_certs": true}

TASK [user-access : set password if defined] ***********************************
task path: /app/ansible_repo/provisioning/roles/user-access/tasks/create_user.yml:29
changed: [bot1] => {"append": false, "changed": true, "comment": "", "group": 1001, "home": "/home/cyrano", "move_home": false, "name": "cyrano", "password": "NOT_LOGGING_PASSWORD", "shell": "/bin/bash", "state": "present", "uid": 1001}

TASK [user-access : Add ChallengeResponse and PasswordAuthentication config] ***
task path: /app/ansible_repo/provisioning/roles/user-access/tasks/create_user.yml:35
Notification for handler Reload SSH service has been saved.
changed: [bot1] => {"changed": true, "msg": "File created"}

TASK [user-access : Remove ChallengeResponseAuthentication from main sshd_config] ***
task path: /app/ansible_repo/provisioning/roles/user-access/tasks/create_user.yml:45
ok: [bot1] => {"backup": "", "changed": false, "found": 0, "msg": ""}

TASK [user-access : Remove PasswordAuthentication from main sshd_config] *******
task path: /app/ansible_repo/provisioning/roles/user-access/tasks/create_user.yml:52
Notification for handler Reload SSH service has been saved.
changed: [bot1] => {"backup": "", "changed": true, "found": 1, "msg": "1 line(s) removed"}

TASK [user-access : grant sudo if defined] *************************************
task path: /app/ansible_repo/provisioning/roles/user-access/tasks/create_user.yml:60
skipping: [bot1] => {"changed": false, "false_condition": "user_access_sudo", "skip_reason": "Conditional result was False"}

TASK [user-access : include_tasks] *********************************************
task path: /app/ansible_repo/provisioning/roles/user-access/tasks/main.yml:6
skipping: [bot1] => {"changed": false, "false_condition": "not user_access_present", "skip_reason": "Conditional result was False"}
NOTIFIED HANDLER user-access : Reload SSH service for bot1

RUNNING HANDLER [user-access : Reload SSH service] *****************************
task path: /app/ansible_repo/provisioning/roles/user-access/handlers/main.yml:1
included: /app/ansible_repo/provisioning/roles/user-access/tasks/reload_ssh.yml for bot1

RUNNING HANDLER [user-access : Reload SSH service for non-systemd systems] *****
task path: /app/ansible_repo/provisioning/roles/user-access/tasks/reload_ssh.yml:1
skipping: [bot1] => {"changed": false, "false_condition": "ansible_facts['service_mgr'] | default('unknown') != 'systemd'", "skip_reason": "Conditional result was False"}

RUNNING HANDLER [user-access : Reload SSH service using systemd] ***************
task path: /app/ansible_repo/provisioning/roles/user-access/tasks/reload_ssh.yml:7
changed: [bot1] => {"changed": true, "name": "ssh", "state": "started", "status": {"ActiveEnterTimestamp": "Wed 2026-05-27 17:29:37 UTC", "ActiveEnterTimestampMonotonic": "23677461", "ActiveExitTimestampMonotonic": "0", "ActiveState": "active", "After": "-.mount auditd.service basic.target systemd-journald.socket sysinit.target network.target system.slice pollinate.service ssh.socket", "AllowIsolate": "no", "AssertResult": "yes", "AssertTimestamp": "Wed 2026-05-27 17:29:37 UTC", "AssertTimestampMonotonic": "23632561", "Before": "shutdown.target", "BlockIOAccounting": "no", "BlockIOWeight": "[not set]", "CPUAccounting": "yes", "CPUAffinityFromNUMA": "no", "CPUQuotaPerSecUSec": "infinity", "CPUQuotaPeriodUSec": "infinity", "CPUSchedulingPolicy": "0", "CPUSchedulingPriority": "0", "CPUSchedulingResetOnFork": "no", "CPUShares": "[not set]", "CPUUsageNSec": "95141000", "CPUWeight": "[not set]", "CacheDirectoryMode": "0755", "CanClean": "runtime", "CanFreeze": "yes", "CanIsolate": "no", "CanReload": "yes", "CanStart": "yes", "CanStop": "yes", "CapabilityBoundingSet": "cap_chown cap_dac_override cap_dac_read_search cap_fowner cap_fsetid cap_kill cap_setgid cap_setuid cap_setpcap cap_linux_immutable cap_net_bind_service cap_net_broadcast cap_net_admin cap_net_raw cap_ipc_lock cap_ipc_owner cap_sys_module cap_sys_rawio cap_sys_chroot cap_sys_ptrace cap_sys_pacct cap_sys_admin cap_sys_boot cap_sys_nice cap_sys_resource cap_sys_time cap_sys_tty_config cap_mknod cap_lease cap_audit_write cap_audit_control cap_setfcap cap_mac_override cap_mac_admin cap_syslog cap_wake_alarm cap_block_suspend cap_audit_read cap_perfmon cap_bpf cap_checkpoint_restore", "CleanResult": "success", "CollectMode": "inactive", "ConditionResult": "yes", "ConditionTimestamp": "Wed 2026-05-27 17:29:37 UTC", "ConditionTimestampMonotonic": "23632549", "ConfigurationDirectoryMode": "0755", "Conflicts": "shutdown.target", "ControlGroup": "/system.slice/ssh.service", "ControlGroupId": "3784", "ControlPID": "0", "CoredumpFilter": "0x33", "CoredumpReceive": "no", "DefaultDependencies": "yes", "DefaultMemoryLow": "0", "DefaultMemoryMin": "0", "DefaultStartupMemoryLow": "0", "Delegate": "no", "Description": "OpenBSD Secure Shell server", "DevicePolicy": "auto", "Documentation": "\"man:sshd(8)\" \"man:sshd_config(5)\"", "DynamicUser": "no", "EnvironmentFiles": "/etc/default/ssh (ignore_errors=yes)", "ExecMainCode": "0", "ExecMainExitTimestampMonotonic": "0", "ExecMainPID": "986", "ExecMainStartTimestamp": "Wed 2026-05-27 17:29:37 UTC", "ExecMainStartTimestampMonotonic": "23669148", "ExecMainStatus": "0", "ExecReload": "{ path=/bin/kill ; argv[]=/bin/kill -HUP $MAINPID ; ignore_errors=no ; start_time=[n/a] ; stop_time=[n/a] ; pid=0 ; code=(null) ; status=0/0 }", "ExecReloadEx": "{ path=/bin/kill ; argv[]=/bin/kill -HUP $MAINPID ; flags= ; start_time=[n/a] ; stop_time=[n/a] ; pid=0 ; code=(null) ; status=0/0 }", "ExecStart": "{ path=/usr/sbin/sshd ; argv[]=/usr/sbin/sshd -D $SSHD_OPTS ; ignore_errors=no ; start_time=[n/a] ; stop_time=[n/a] ; pid=0 ; code=(null) ; status=0/0 }", "ExecStartEx": "{ path=/usr/sbin/sshd ; argv[]=/usr/sbin/sshd -D $SSHD_OPTS ; flags= ; start_time=[n/a] ; stop_time=[n/a] ; pid=0 ; code=(null) ; status=0/0 }", "ExecStartPre": "{ path=/usr/sbin/sshd ; argv[]=/usr/sbin/sshd -t ; ignore_errors=no ; start_time=[n/a] ; stop_time=[n/a] ; pid=0 ; code=(null) ; status=0/0 }", "ExecStartPreEx": "{ path=/usr/sbin/sshd ; argv[]=/usr/sbin/sshd -t ; flags= ; start_time=[n/a] ; stop_time=[n/a] ; pid=0 ; code=(null) ; status=0/0 }", "ExitType": "main", "ExtensionImagePolicy": "root=verity+signed+encrypted+unprotected+absent:usr=verity+signed+encrypted+unprotected+absent:home=encrypted+unprotected+absent:srv=encrypted+unprotected+absent:tmp=encrypted+unprotected+absent:var=encrypted+unprotected+absent", "FailureAction": "none", "FileDescriptorStoreMax": "0", "FileDescriptorStorePreserve": "restart", "FinalKillSignal": "9", "FragmentPath": "/usr/lib/systemd/system/ssh.service", "FreezerState": "running", "GID": "[not set]", "GuessMainPID": "yes", "IOAccounting": "no", "IOReadBytes": "[not set]", "IOReadOperations": "[not set]", "IOSchedulingClass": "2", "IOSchedulingPriority": "4", "IOWeight": "[not set]", "IOWriteBytes": "[not set]", "IOWriteOperations": "[not set]", "IPAccounting": "no", "IPEgressBytes": "[no data]", "IPEgressPackets": "[no data]", "IPIngressBytes": "[no data]", "IPIngressPackets": "[no data]", "Id": "ssh.service", "IgnoreOnIsolate": "no", "IgnoreSIGPIPE": "yes", "InactiveEnterTimestampMonotonic": "0", "InactiveExitTimestamp": "Wed 2026-05-27 17:29:37 UTC", "InactiveExitTimestampMonotonic": "23638331", "InvocationID": "325244b7a8c049918d6423571080cc3d", "JobRunningTimeoutUSec": "infinity", "JobTimeoutAction": "none", "JobTimeoutUSec": "infinity", "KeyringMode": "private", "KillMode": "process", "KillSignal": "15", "LimitAS": "infinity", "LimitASSoft": "infinity", "LimitCORE": "infinity", "LimitCORESoft": "0", "LimitCPU": "infinity", "LimitCPUSoft": "infinity", "LimitDATA": "infinity", "LimitDATASoft": "infinity", "LimitFSIZE": "infinity", "LimitFSIZESoft": "infinity", "LimitLOCKS": "infinity", "LimitLOCKSSoft": "infinity", "LimitMEMLOCK": "8388608", "LimitMEMLOCKSoft": "8388608", "LimitMSGQUEUE": "819200", "LimitMSGQUEUESoft": "819200", "LimitNICE": "0", "LimitNICESoft": "0", "LimitNOFILE": "524288", "LimitNOFILESoft": "1024", "LimitNPROC": "7720", "LimitNPROCSoft": "7720", "LimitRSS": "infinity", "LimitRSSSoft": "infinity", "LimitRTPRIO": "0", "LimitRTPRIOSoft": "0", "LimitRTTIME": "infinity", "LimitRTTIMESoft": "infinity", "LimitSIGPENDING": "7720", "LimitSIGPENDINGSoft": "7720", "LimitSTACK": "infinity", "LimitSTACKSoft": "8388608", "LoadState": "loaded", "LockPersonality": "no", "LogLevelMax": "-1", "LogRateLimitBurst": "0", "LogRateLimitIntervalUSec": "0", "LogsDirectoryMode": "0755", "MainPID": "986", "ManagedOOMMemoryPressure": "auto", "ManagedOOMMemoryPressureLimit": "0", "ManagedOOMPreference": "none", "ManagedOOMSwap": "auto", "MemoryAccounting": "yes", "MemoryAvailable": "1735802880", "MemoryCurrent": "5066752", "MemoryDenyWriteExecute": "no", "MemoryHigh": "infinity", "MemoryKSM": "no", "MemoryLimit": "infinity", "MemoryLow": "0", "MemoryMax": "infinity", "MemoryMin": "0", "MemoryPeak": "5869568", "MemoryPressureThresholdUSec": "200ms", "MemoryPressureWatch": "auto", "MemorySwapCurrent": "0", "MemorySwapMax": "infinity", "MemorySwapPeak": "0", "MemoryZSwapCurrent": "0", "MemoryZSwapMax": "infinity", "MountAPIVFS": "no", "MountImagePolicy": "root=verity+signed+encrypted+unprotected+absent:usr=verity+signed+encrypted+unprotected+absent:home=encrypted+unprotected+absent:srv=encrypted+unprotected+absent:tmp=encrypted+unprotected+absent:var=encrypted+unprotected+absent", "NFileDescriptorStore": "0", "NRestarts": "0", "NUMAPolicy": "n/a", "Names": "ssh.service", "NeedDaemonReload": "no", "Nice": "0", "NoNewPrivileges": "no", "NonBlocking": "no", "NotifyAccess": "main", "OOMPolicy": "stop", "OOMScoreAdjust": "0", "OnFailureJobMode": "replace", "OnSuccessJobMode": "fail", "Perpetual": "no", "PrivateDevices": "no", "PrivateIPC": "no", "PrivateMounts": "no", "PrivateNetwork": "no", "PrivateTmp": "no", "PrivateUsers": "no", "ProcSubset": "all", "ProtectClock": "no", "ProtectControlGroups": "no", "ProtectHome": "no", "ProtectHostname": "no", "ProtectKernelLogs": "no", "ProtectKernelModules": "no", "ProtectKernelTunables": "no", "ProtectProc": "default", "ProtectSystem": "no", "RefuseManualStart": "no", "RefuseManualStop": "no", "ReloadResult": "success", "ReloadSignal": "1", "RemainAfterExit": "no", "RemoveIPC": "no", "Requires": "ssh.socket system.slice sysinit.target -.mount", "RequiresMountsFor": "/run/sshd", "Restart": "on-failure", "RestartKillSignal": "15", "RestartMaxDelayUSec": "infinity", "RestartMode": "normal", "RestartPreventExitStatus": "255", "RestartSteps": "0", "RestartUSec": "100ms", "RestartUSecNext": "100ms", "RestrictNamespaces": "no", "RestrictRealtime": "no", "RestrictSUIDSGID": "no", "Result": "success", "RootDirectoryStartOnly": "no", "RootEphemeral": "no", "RootImagePolicy": "root=verity+signed+encrypted+unprotected+absent:usr=verity+signed+encrypted+unprotected+absent:home=encrypted+unprotected+absent:srv=encrypted+unprotected+absent:tmp=encrypted+unprotected+absent:var=encrypted+unprotected+absent", "RuntimeDirectory": "sshd", "RuntimeDirectoryMode": "0755", "RuntimeDirectoryPreserve": "no", "RuntimeMaxUSec": "infinity", "RuntimeRandomizedExtraUSec": "0", "SameProcessGroup": "no", "SecureBits": "0", "SendSIGHUP": "no", "SendSIGKILL": "yes", "SetLoginEnvironment": "no", "Slice": "system.slice", "StandardError": "inherit", "StandardInput": "null", "StandardOutput": "journal", "StartLimitAction": "none", "StartLimitBurst": "5", "StartLimitIntervalUSec": "10s", "StartupBlockIOWeight": "[not set]", "StartupCPUShares": "[not set]", "StartupCPUWeight": "[not set]", "StartupIOWeight": "[not set]", "StartupMemoryHigh": "infinity", "StartupMemoryLow": "0", "StartupMemoryMax": "infinity", "StartupMemorySwapMax": "infinity", "StartupMemoryZSwapMax": "infinity", "StateChangeTimestamp": "Wed 2026-05-27 17:29:37 UTC", "StateChangeTimestampMonotonic": "23677461", "StateDirectoryMode": "0755", "StatusErrno": "0", "StopWhenUnneeded": "no", "SubState": "running", "SuccessAction": "none", "SurviveFinalKillSignal": "no", "SyslogFacility": "3", "SyslogLevel": "6", "SyslogLevelPrefix": "yes", "SyslogPriority": "30", "SystemCallErrorNumber": "2147483646", "TTYReset": "no", "TTYVHangup": "no", "TTYVTDisallocate": "no", "TasksAccounting": "yes", "TasksCurrent": "1", "TasksMax": "2316", "TimeoutAbortUSec": "1min 30s", "TimeoutCleanUSec": "infinity", "TimeoutStartFailureMode": "terminate", "TimeoutStartUSec": "1min 30s", "TimeoutStopFailureMode": "terminate", "TimeoutStopUSec": "1min 30s", "TimerSlackNSec": "50000", "Transient": "no", "TriggeredBy": "ssh.socket", "Type": "notify", "UID": "[not set]", "UMask": "0022", "UnitFilePreset": "enabled", "UnitFileState": "disabled", "UtmpMode": "init", "WatchdogSignal": "6", "WatchdogTimestampMonotonic": "0", "WatchdogUSec": "0"}}

PLAY [set up bot2] *************************************************************

TASK [Gathering Facts] *********************************************************
task path: /app/ansible_repo/provisioning/playbook.yml:24
ok: [bot2]

TASK [bot : Add host aliases] **************************************************
task path: /app/ansible_repo/provisioning/roles/bot/tasks/main.yml:2
changed: [bot2] => (item={'ip': '192.168.70.5', 'name': 'c2-server'}) => {"ansible_loop_var": "item", "backup": "", "changed": true, "item": {"ip": "192.168.70.5", "name": "c2-server"}, "msg": "line added"}
changed: [bot2] => (item={'ip': '192.168.70.10', 'name': 'bot1'}) => {"ansible_loop_var": "item", "backup": "", "changed": true, "item": {"ip": "192.168.70.10", "name": "bot1"}, "msg": "line added"}
changed: [bot2] => (item={'ip': '192.168.70.11', 'name': 'bot2'}) => {"ansible_loop_var": "item", "backup": "", "changed": true, "item": {"ip": "192.168.70.11", "name": "bot2"}, "msg": "line added"}

TASK [bot : Add bot user] ******************************************************
task path: /app/ansible_repo/provisioning/roles/bot/tasks/main.yml:9
changed: [bot2] => {"changed": true, "comment": "", "create_home": true, "group": 1001, "home": "/home/cyrano", "name": "cyrano", "password": "NOT_LOGGING_PASSWORD", "shell": "/bin/bash", "state": "present", "system": false, "uid": 1001}

TASK [bot : Install packages] **************************************************
task path: /app/ansible_repo/provisioning/roles/bot/tasks/main.yml:16
ok: [bot2] => {"cache_update_time": 1779903221, "cache_updated": true, "changed": false}

TASK [bot : Create hidden bot cache directory] *********************************
task path: /app/ansible_repo/provisioning/roles/bot/tasks/main.yml:22
changed: [bot2] => {"changed": true, "gid": 0, "group": "root", "mode": "0755", "owner": "root", "path": "/var/lib/.botcache", "size": 4096, "state": "directory", "uid": 0}

TASK [bot : Create hidden binary staging directory] ****************************
task path: /app/ansible_repo/provisioning/roles/bot/tasks/main.yml:30
changed: [bot2] => {"changed": true, "gid": 0, "group": "root", "mode": "0755", "owner": "root", "path": "/usr/local/lib/.botcache", "size": 4096, "state": "directory", "uid": 0}

TASK [bot : Copy decoy files to bot user home] *********************************
task path: /app/ansible_repo/provisioning/roles/bot/tasks/main.yml:38
skipping: [bot2] => {"changed": false, "skipped_reason": "No items in the list"}

TASK [bot : Create Payloads] ***************************************************
task path: /app/ansible_repo/provisioning/roles/bot/tasks/main.yml:46
changed: [bot2] => (item={'name': 'Hilix.sh', 'content': 'Hilix.sh'}) => {"ansible_loop_var": "item", "changed": true, "checksum": "77da4188f1096f4a38649c9c98475a4d885f1562", "dest": "/home/cyrano/Hilix.sh", "gid": 0, "group": "root", "item": {"content": "Hilix.sh", "name": "Hilix.sh"}, "md5sum": "d017bd7e58bd309c58f0022a7774881e", "mode": "0644", "owner": "cyrano", "size": 8, "src": "/home/ubuntu/.ansible/tmp/ansible-tmp-1779903226.5084496-603-19615874648580/source", "state": "file", "uid": 1001}
changed: [bot2] => (item={'name': 'ec413215dc385d95e1c89d9bda44de4d', 'content': 'ec413215dc385d95e1c89d9bda44de4d'}) => {"ansible_loop_var": "item", "changed": true, "checksum": "4620b118cc736b434e131b70b0bc9b3ffa362aee", "dest": "/home/cyrano/ec413215dc385d95e1c89d9bda44de4d", "gid": 0, "group": "root", "item": {"content": "ec413215dc385d95e1c89d9bda44de4d", "name": "ec413215dc385d95e1c89d9bda44de4d"}, "md5sum": "d9141d0769ebd24b0af65d9e33755a10", "mode": "0644", "owner": "cyrano", "size": 32, "src": "/home/ubuntu/.ansible/tmp/ansible-tmp-1779903227.36959-603-7413232690654/source", "state": "file", "uid": 1001}
changed: [bot2] => (item={'name': 'Hilix.mips', 'content': 'Hilix.mips'}) => {"ansible_loop_var": "item", "changed": true, "checksum": "2ca4a8f1507fb9d31111745caa35fe9a6ff07f6a", "dest": "/home/cyrano/Hilix.mips", "gid": 0, "group": "root", "item": {"content": "Hilix.mips", "name": "Hilix.mips"}, "md5sum": "065a9e100fc0ba5024c9c29039af5df3", "mode": "0644", "owner": "cyrano", "size": 10, "src": "/home/ubuntu/.ansible/tmp/ansible-tmp-1779903228.1146324-603-133447207734988/source", "state": "file", "uid": 1001}

TASK [bot : Place flags] *******************************************************
task path: /app/ansible_repo/provisioning/roles/bot/tasks/main.yml:55
changed: [bot2] => (item={'dest': '/home/cyrano/flag.txt', 'owner': 'cyrano', 'content': ''}) => {"ansible_loop_var": "item", "changed": true, "checksum": "adc83b19e793491b1c6ea0fd8b46cd9f32e592fc", "dest": "/home/cyrano/flag.txt", "gid": 0, "group": "root", "item": {"content": "", "dest": "/home/cyrano/flag.txt", "owner": "cyrano"}, "md5sum": "68b329da9893e34099c7d8ad5cb9c940", "mode": "0600", "owner": "cyrano", "size": 1, "src": "/home/ubuntu/.ansible/tmp/ansible-tmp-1779903228.9392152-646-212061644052772/source", "state": "file", "uid": 1001}
changed: [bot2] => (item={'dest': '/var/lib/.botcache/.root_flag', 'owner': 'root', 'content': ''}) => {"ansible_loop_var": "item", "changed": true, "checksum": "adc83b19e793491b1c6ea0fd8b46cd9f32e592fc", "dest": "/var/lib/.botcache/.root_flag", "gid": 0, "group": "root", "item": {"content": "", "dest": "/var/lib/.botcache/.root_flag", "owner": "root"}, "md5sum": "68b329da9893e34099c7d8ad5cb9c940", "mode": "0600", "owner": "root", "size": 1, "src": "/home/ubuntu/.ansible/tmp/ansible-tmp-1779903229.7006266-646-156711001463655/source", "state": "file", "uid": 0}

TASK [bot : Install persistence script disguised as system updater] ************
task path: /app/ansible_repo/provisioning/roles/bot/tasks/main.yml:63
changed: [bot2] => {"changed": true, "checksum": "93c106b0f03047fc405171cca42f60a96b5b2a91", "dest": "/usr/local/lib/.botcache/sys-updater.sh", "gid": 0, "group": "root", "md5sum": "153f960f1b197b3780d4dcdce8d19089", "mode": "0755", "owner": "root", "size": 164, "src": "/home/ubuntu/.ansible/tmp/ansible-tmp-1779903230.507777-675-195342699070401/source", "state": "file", "uid": 0}

TASK [bot : Create persistence systemd service (disguised name)] ***************
task path: /app/ansible_repo/provisioning/roles/bot/tasks/main.yml:76
changed: [bot2] => {"changed": true, "checksum": "0c304d2586edd2e07ca720045ac74b4cbb49f10e", "dest": "/etc/systemd/system/system-update-checker.service", "gid": 0, "group": "root", "md5sum": "a4c9fe3bd86995ddb9b4c9471afed984", "mode": "0644", "owner": "root", "size": 216, "src": "/home/ubuntu/.ansible/tmp/ansible-tmp-1779903231.2751627-690-216441791020387/source", "state": "file", "uid": 0}

TASK [bot : Create persistence systemd timer] **********************************
task path: /app/ansible_repo/provisioning/roles/bot/tasks/main.yml:95
changed: [bot2] => {"changed": true, "checksum": "c20e6e822d73bc6c1510523efc756394bd12bac9", "dest": "/etc/systemd/system/system-update-checker.timer", "gid": 0, "group": "root", "md5sum": "74aeda0f423d461ab6933757743b45d8", "mode": "0644", "owner": "root", "size": 170, "src": "/home/ubuntu/.ansible/tmp/ansible-tmp-1779903232.0693624-705-110214458352927/source", "state": "file", "uid": 0}

TASK [bot : Reload systemd] ****************************************************
task path: /app/ansible_repo/provisioning/roles/bot/tasks/main.yml:113
ok: [bot2] => {"changed": false, "name": null, "status": {}}

TASK [bot : Enable persistence timer] ******************************************
task path: /app/ansible_repo/provisioning/roles/bot/tasks/main.yml:117
changed: [bot2] => {"changed": true, "enabled": true, "name": "system-update-checker.timer", "state": "started", "status": {"AccuracyUSec": "1min", "ActiveEnterTimestampMonotonic": "0", "ActiveExitTimestampMonotonic": "0", "ActiveState": "inactive", "After": "sysinit.target", "AllowIsolate": "no", "AssertResult": "no", "AssertTimestampMonotonic": "0", "Before": "system-update-checker.service shutdown.target timers.target", "CanFreeze": "no", "CanIsolate": "no", "CanReload": "no", "CanStart": "yes", "CanStop": "yes", "CollectMode": "inactive", "ConditionResult": "no", "ConditionTimestampMonotonic": "0", "Conflicts": "shutdown.target", "DefaultDependencies": "yes", "Description": "Periodic system update health check", "FailureAction": "none", "FixedRandomDelay": "no", "FragmentPath": "/etc/systemd/system/system-update-checker.timer", "FreezerState": "running", "Id": "system-update-checker.timer", "IgnoreOnIsolate": "no", "InactiveEnterTimestampMonotonic": "0", "InactiveExitTimestampMonotonic": "0", "JobRunningTimeoutUSec": "infinity", "JobTimeoutAction": "none", "JobTimeoutUSec": "infinity", "LastTriggerUSecMonotonic": "0", "LoadState": "loaded", "Names": "system-update-checker.timer", "NeedDaemonReload": "no", "NextElapseUSecMonotonic": "infinity", "OnClockChange": "no", "OnFailureJobMode": "replace", "OnSuccessJobMode": "fail", "OnTimezoneChange": "no", "Perpetual": "no", "Persistent": "no", "RandomizedDelayUSec": "0", "RefuseManualStart": "no", "RefuseManualStop": "no", "RemainAfterElapse": "yes", "Requires": "sysinit.target", "Result": "success", "StartLimitAction": "none", "StartLimitBurst": "5", "StartLimitIntervalUSec": "10s", "StateChangeTimestampMonotonic": "0", "StopWhenUnneeded": "no", "SubState": "dead", "SuccessAction": "none", "SurviveFinalKillSignal": "no", "TimersMonotonic": "{ OnBootUSec=1min ; next_elapse=0 }", "Transient": "no", "Triggers": "system-update-checker.service", "Unit": "system-update-checker.service", "UnitFilePreset": "enabled", "UnitFileState": "disabled", "WakeSystem": "no"}}

TASK [user-access : include_vars] **********************************************
task path: /app/ansible_repo/provisioning/roles/user-access/tasks/main.yml:1
ok: [bot2] => {"ansible_facts": {"user_access_ssh_service": "sshd", "user_access_sshd_config": "/etc/ssh/sshd_config", "user_access_systemd_unit": "ssh"}, "ansible_included_var_files": ["/app/ansible_repo/provisioning/roles/user-access/vars/Debian.yml"], "changed": false}

TASK [user-access : include_tasks] *********************************************
task path: /app/ansible_repo/provisioning/roles/user-access/tasks/main.yml:3
redirecting (type: modules) ansible.builtin.authorized_key to ansible.posix.authorized_key
included: /app/ansible_repo/provisioning/roles/user-access/tasks/create_user.yml for bot2

TASK [user-access : ensure existence of user] **********************************
task path: /app/ansible_repo/provisioning/roles/user-access/tasks/create_user.yml:1
ok: [bot2] => {"append": false, "changed": false, "comment": "", "group": 1001, "home": "/home/cyrano", "move_home": false, "name": "cyrano", "shell": "/bin/bash", "state": "present", "uid": 1001}

TASK [user-access : Enforce owner & group on directory] ************************
task path: /app/ansible_repo/provisioning/roles/user-access/tasks/create_user.yml:6
changed: [bot2] => {"changed": true, "gid": 1001, "group": "cyrano", "mode": "0750", "owner": "cyrano", "path": "/home/cyrano", "size": 4096, "state": "directory", "uid": 1001}

TASK [user-access : ensure existence of SSH directory] *************************
task path: /app/ansible_repo/provisioning/roles/user-access/tasks/create_user.yml:14
changed: [bot2] => {"changed": true, "gid": 1001, "group": "cyrano", "mode": "0700", "owner": "cyrano", "path": "/home/cyrano/.ssh", "size": 4096, "state": "directory", "uid": 1001}

TASK [user-access : add public key to authorized keys] *************************
task path: /app/ansible_repo/provisioning/roles/user-access/tasks/create_user.yml:22
redirecting (type: modules) ansible.builtin.authorized_key to ansible.posix.authorized_key
redirecting (type: modules) ansible.builtin.authorized_key to ansible.posix.authorized_key
changed: [bot2] => {"changed": true, "comment": null, "exclusive": false, "follow": false, "key": "ssh-rsa AAAAB3NzaC1yc2EAAAADAQABAAABAQDSfQTIA8aNIum5rJ0PNi4jgCN/FR0Bo/JtmGf98cNUfItlPppTKsg8Ew67Nr8rwECFtoPCtJ1p9/qHgKgZ+/jjTAwk1ZlNFu39HlGs/J5Put9KzdvW8WqBZLwpFbeglvVC5RprkVeFDEmHgqVOaMAyjet7nNDnxz0N8JN+XtcUhDjVki+EUvuel21CCtYwpRpexNzSVLiQZ3MYbf5TPEg0cR82f/j1UmjJIunINBZgc3+udOFNrknn/EpQx3rPFCl0bj09cpxv3zFktKwBrujAthfafIkOgMXF/CTaKBGef0ADHMxKXPN0Z6W48erisJHUNu14QyebGMcz/O7iq0bZ", "key_options": "", "keyfile": "/home/cyrano/.ssh/authorized_keys", "manage_dir": true, "path": null, "state": "present", "user": "cyrano", "validate_certs": true}

TASK [user-access : set password if defined] ***********************************
task path: /app/ansible_repo/provisioning/roles/user-access/tasks/create_user.yml:29
changed: [bot2] => {"append": false, "changed": true, "comment": "", "group": 1001, "home": "/home/cyrano", "move_home": false, "name": "cyrano", "password": "NOT_LOGGING_PASSWORD", "shell": "/bin/bash", "state": "present", "uid": 1001}

TASK [user-access : Add ChallengeResponse and PasswordAuthentication config] ***
task path: /app/ansible_repo/provisioning/roles/user-access/tasks/create_user.yml:35
Notification for handler Reload SSH service has been saved.
changed: [bot2] => {"changed": true, "msg": "File created"}

TASK [user-access : Remove ChallengeResponseAuthentication from main sshd_config] ***
task path: /app/ansible_repo/provisioning/roles/user-access/tasks/create_user.yml:45
ok: [bot2] => {"backup": "", "changed": false, "found": 0, "msg": ""}

TASK [user-access : Remove PasswordAuthentication from main sshd_config] *******
task path: /app/ansible_repo/provisioning/roles/user-access/tasks/create_user.yml:52
Notification for handler Reload SSH service has been saved.
changed: [bot2] => {"backup": "", "changed": true, "found": 1, "msg": "1 line(s) removed"}

TASK [user-access : grant sudo if defined] *************************************
task path: /app/ansible_repo/provisioning/roles/user-access/tasks/create_user.yml:60
skipping: [bot2] => {"changed": false, "false_condition": "user_access_sudo", "skip_reason": "Conditional result was False"}

TASK [user-access : include_tasks] *********************************************
task path: /app/ansible_repo/provisioning/roles/user-access/tasks/main.yml:6
skipping: [bot2] => {"changed": false, "false_condition": "not user_access_present", "skip_reason": "Conditional result was False"}
NOTIFIED HANDLER user-access : Reload SSH service for bot2

RUNNING HANDLER [user-access : Reload SSH service] *****************************
task path: /app/ansible_repo/provisioning/roles/user-access/handlers/main.yml:1
included: /app/ansible_repo/provisioning/roles/user-access/tasks/reload_ssh.yml for bot2

RUNNING HANDLER [user-access : Reload SSH service for non-systemd systems] *****
task path: /app/ansible_repo/provisioning/roles/user-access/tasks/reload_ssh.yml:1
skipping: [bot2] => {"changed": false, "false_condition": "ansible_facts['service_mgr'] | default('unknown') != 'systemd'", "skip_reason": "Conditional result was False"}

RUNNING HANDLER [user-access : Reload SSH service using systemd] ***************
task path: /app/ansible_repo/provisioning/roles/user-access/tasks/reload_ssh.yml:7
changed: [bot2] => {"changed": true, "name": "ssh", "state": "started", "status": {"ActiveEnterTimestamp": "Wed 2026-05-27 17:29:37 UTC", "ActiveEnterTimestampMonotonic": "27508326", "ActiveExitTimestampMonotonic": "0", "ActiveState": "active", "After": "network.target system.slice ssh.socket systemd-journald.socket sysinit.target auditd.service basic.target -.mount pollinate.service", "AllowIsolate": "no", "AssertResult": "yes", "AssertTimestamp": "Wed 2026-05-27 17:29:37 UTC", "AssertTimestampMonotonic": "27478362", "Before": "shutdown.target", "BlockIOAccounting": "no", "BlockIOWeight": "[not set]", "CPUAccounting": "yes", "CPUAffinityFromNUMA": "no", "CPUQuotaPerSecUSec": "infinity", "CPUQuotaPeriodUSec": "infinity", "CPUSchedulingPolicy": "0", "CPUSchedulingPriority": "0", "CPUSchedulingResetOnFork": "no", "CPUShares": "[not set]", "CPUUsageNSec": "86243000", "CPUWeight": "[not set]", "CacheDirectoryMode": "0755", "CanClean": "runtime", "CanFreeze": "yes", "CanIsolate": "no", "CanReload": "yes", "CanStart": "yes", "CanStop": "yes", "CapabilityBoundingSet": "cap_chown cap_dac_override cap_dac_read_search cap_fowner cap_fsetid cap_kill cap_setgid cap_setuid cap_setpcap cap_linux_immutable cap_net_bind_service cap_net_broadcast cap_net_admin cap_net_raw cap_ipc_lock cap_ipc_owner cap_sys_module cap_sys_rawio cap_sys_chroot cap_sys_ptrace cap_sys_pacct cap_sys_admin cap_sys_boot cap_sys_nice cap_sys_resource cap_sys_time cap_sys_tty_config cap_mknod cap_lease cap_audit_write cap_audit_control cap_setfcap cap_mac_override cap_mac_admin cap_syslog cap_wake_alarm cap_block_suspend cap_audit_read cap_perfmon cap_bpf cap_checkpoint_restore", "CleanResult": "success", "CollectMode": "inactive", "ConditionResult": "yes", "ConditionTimestamp": "Wed 2026-05-27 17:29:37 UTC", "ConditionTimestampMonotonic": "27478356", "ConfigurationDirectoryMode": "0755", "Conflicts": "shutdown.target", "ControlGroup": "/system.slice/ssh.service", "ControlGroupId": "3784", "ControlPID": "0", "CoredumpFilter": "0x33", "CoredumpReceive": "no", "DefaultDependencies": "yes", "DefaultMemoryLow": "0", "DefaultMemoryMin": "0", "DefaultStartupMemoryLow": "0", "Delegate": "no", "Description": "OpenBSD Secure Shell server", "DevicePolicy": "auto", "Documentation": "\"man:sshd(8)\" \"man:sshd_config(5)\"", "DynamicUser": "no", "EnvironmentFiles": "/etc/default/ssh (ignore_errors=yes)", "ExecMainCode": "0", "ExecMainExitTimestampMonotonic": "0", "ExecMainPID": "985", "ExecMainStartTimestamp": "Wed 2026-05-27 17:29:37 UTC", "ExecMainStartTimestampMonotonic": "27497121", "ExecMainStatus": "0", "ExecReload": "{ path=/bin/kill ; argv[]=/bin/kill -HUP $MAINPID ; ignore_errors=no ; start_time=[n/a] ; stop_time=[n/a] ; pid=0 ; code=(null) ; status=0/0 }", "ExecReloadEx": "{ path=/bin/kill ; argv[]=/bin/kill -HUP $MAINPID ; flags= ; start_time=[n/a] ; stop_time=[n/a] ; pid=0 ; code=(null) ; status=0/0 }", "ExecStart": "{ path=/usr/sbin/sshd ; argv[]=/usr/sbin/sshd -D $SSHD_OPTS ; ignore_errors=no ; start_time=[n/a] ; stop_time=[n/a] ; pid=0 ; code=(null) ; status=0/0 }", "ExecStartEx": "{ path=/usr/sbin/sshd ; argv[]=/usr/sbin/sshd -D $SSHD_OPTS ; flags= ; start_time=[n/a] ; stop_time=[n/a] ; pid=0 ; code=(null) ; status=0/0 }", "ExecStartPre": "{ path=/usr/sbin/sshd ; argv[]=/usr/sbin/sshd -t ; ignore_errors=no ; start_time=[n/a] ; stop_time=[n/a] ; pid=0 ; code=(null) ; status=0/0 }", "ExecStartPreEx": "{ path=/usr/sbin/sshd ; argv[]=/usr/sbin/sshd -t ; flags= ; start_time=[n/a] ; stop_time=[n/a] ; pid=0 ; code=(null) ; status=0/0 }", "ExitType": "main", "ExtensionImagePolicy": "root=verity+signed+encrypted+unprotected+absent:usr=verity+signed+encrypted+unprotected+absent:home=encrypted+unprotected+absent:srv=encrypted+unprotected+absent:tmp=encrypted+unprotected+absent:var=encrypted+unprotected+absent", "FailureAction": "none", "FileDescriptorStoreMax": "0", "FileDescriptorStorePreserve": "restart", "FinalKillSignal": "9", "FragmentPath": "/usr/lib/systemd/system/ssh.service", "FreezerState": "running", "GID": "[not set]", "GuessMainPID": "yes", "IOAccounting": "no", "IOReadBytes": "[not set]", "IOReadOperations": "[not set]", "IOSchedulingClass": "2", "IOSchedulingPriority": "4", "IOWeight": "[not set]", "IOWriteBytes": "[not set]", "IOWriteOperations": "[not set]", "IPAccounting": "no", "IPEgressBytes": "[no data]", "IPEgressPackets": "[no data]", "IPIngressBytes": "[no data]", "IPIngressPackets": "[no data]", "Id": "ssh.service", "IgnoreOnIsolate": "no", "IgnoreSIGPIPE": "yes", "InactiveEnterTimestampMonotonic": "0", "InactiveExitTimestamp": "Wed 2026-05-27 17:29:37 UTC", "InactiveExitTimestampMonotonic": "27484948", "InvocationID": "04a15ba9eb8240de8f78aa57c83819ce", "JobRunningTimeoutUSec": "infinity", "JobTimeoutAction": "none", "JobTimeoutUSec": "infinity", "KeyringMode": "private", "KillMode": "process", "KillSignal": "15", "LimitAS": "infinity", "LimitASSoft": "infinity", "LimitCORE": "infinity", "LimitCORESoft": "0", "LimitCPU": "infinity", "LimitCPUSoft": "infinity", "LimitDATA": "infinity", "LimitDATASoft": "infinity", "LimitFSIZE": "infinity", "LimitFSIZESoft": "infinity", "LimitLOCKS": "infinity", "LimitLOCKSSoft": "infinity", "LimitMEMLOCK": "8388608", "LimitMEMLOCKSoft": "8388608", "LimitMSGQUEUE": "819200", "LimitMSGQUEUESoft": "819200", "LimitNICE": "0", "LimitNICESoft": "0", "LimitNOFILE": "524288", "LimitNOFILESoft": "1024", "LimitNPROC": "7720", "LimitNPROCSoft": "7720", "LimitRSS": "infinity", "LimitRSSSoft": "infinity", "LimitRTPRIO": "0", "LimitRTPRIOSoft": "0", "LimitRTTIME": "infinity", "LimitRTTIMESoft": "infinity", "LimitSIGPENDING": "7720", "LimitSIGPENDINGSoft": "7720", "LimitSTACK": "infinity", "LimitSTACKSoft": "8388608", "LoadState": "loaded", "LockPersonality": "no", "LogLevelMax": "-1", "LogRateLimitBurst": "0", "LogRateLimitIntervalUSec": "0", "LogsDirectoryMode": "0755", "MainPID": "985", "ManagedOOMMemoryPressure": "auto", "ManagedOOMMemoryPressureLimit": "0", "ManagedOOMPreference": "none", "ManagedOOMSwap": "auto", "MemoryAccounting": "yes", "MemoryAvailable": "1736937472", "MemoryCurrent": "5074944", "MemoryDenyWriteExecute": "no", "MemoryHigh": "infinity", "MemoryKSM": "no", "MemoryLimit": "infinity", "MemoryLow": "0", "MemoryMax": "infinity", "MemoryMin": "0", "MemoryPeak": "5865472", "MemoryPressureThresholdUSec": "200ms", "MemoryPressureWatch": "auto", "MemorySwapCurrent": "0", "MemorySwapMax": "infinity", "MemorySwapPeak": "0", "MemoryZSwapCurrent": "0", "MemoryZSwapMax": "infinity", "MountAPIVFS": "no", "MountImagePolicy": "root=verity+signed+encrypted+unprotected+absent:usr=verity+signed+encrypted+unprotected+absent:home=encrypted+unprotected+absent:srv=encrypted+unprotected+absent:tmp=encrypted+unprotected+absent:var=encrypted+unprotected+absent", "NFileDescriptorStore": "0", "NRestarts": "0", "NUMAPolicy": "n/a", "Names": "ssh.service", "NeedDaemonReload": "no", "Nice": "0", "NoNewPrivileges": "no", "NonBlocking": "no", "NotifyAccess": "main", "OOMPolicy": "stop", "OOMScoreAdjust": "0", "OnFailureJobMode": "replace", "OnSuccessJobMode": "fail", "Perpetual": "no", "PrivateDevices": "no", "PrivateIPC": "no", "PrivateMounts": "no", "PrivateNetwork": "no", "PrivateTmp": "no", "PrivateUsers": "no", "ProcSubset": "all", "ProtectClock": "no", "ProtectControlGroups": "no", "ProtectHome": "no", "ProtectHostname": "no", "ProtectKernelLogs": "no", "ProtectKernelModules": "no", "ProtectKernelTunables": "no", "ProtectProc": "default", "ProtectSystem": "no", "RefuseManualStart": "no", "RefuseManualStop": "no", "ReloadResult": "success", "ReloadSignal": "1", "RemainAfterExit": "no", "RemoveIPC": "no", "Requires": "sysinit.target -.mount system.slice ssh.socket", "RequiresMountsFor": "/run/sshd", "Restart": "on-failure", "RestartKillSignal": "15", "RestartMaxDelayUSec": "infinity", "RestartMode": "normal", "RestartPreventExitStatus": "255", "RestartSteps": "0", "RestartUSec": "100ms", "RestartUSecNext": "100ms", "RestrictNamespaces": "no", "RestrictRealtime": "no", "RestrictSUIDSGID": "no", "Result": "success", "RootDirectoryStartOnly": "no", "RootEphemeral": "no", "RootImagePolicy": "root=verity+signed+encrypted+unprotected+absent:usr=verity+signed+encrypted+unprotected+absent:home=encrypted+unprotected+absent:srv=encrypted+unprotected+absent:tmp=encrypted+unprotected+absent:var=encrypted+unprotected+absent", "RuntimeDirectory": "sshd", "RuntimeDirectoryMode": "0755", "RuntimeDirectoryPreserve": "no", "RuntimeMaxUSec": "infinity", "RuntimeRandomizedExtraUSec": "0", "SameProcessGroup": "no", "SecureBits": "0", "SendSIGHUP": "no", "SendSIGKILL": "yes", "SetLoginEnvironment": "no", "Slice": "system.slice", "StandardError": "inherit", "StandardInput": "null", "StandardOutput": "journal", "StartLimitAction": "none", "StartLimitBurst": "5", "StartLimitIntervalUSec": "10s", "StartupBlockIOWeight": "[not set]", "StartupCPUShares": "[not set]", "StartupCPUWeight": "[not set]", "StartupIOWeight": "[not set]", "StartupMemoryHigh": "infinity", "StartupMemoryLow": "0", "StartupMemoryMax": "infinity", "StartupMemorySwapMax": "infinity", "StartupMemoryZSwapMax": "infinity", "StateChangeTimestamp": "Wed 2026-05-27 17:29:37 UTC", "StateChangeTimestampMonotonic": "27508326", "StateDirectoryMode": "0755", "StatusErrno": "0", "StopWhenUnneeded": "no", "SubState": "running", "SuccessAction": "none", "SurviveFinalKillSignal": "no", "SyslogFacility": "3", "SyslogLevel": "6", "SyslogLevelPrefix": "yes", "SyslogPriority": "30", "SystemCallErrorNumber": "2147483646", "TTYReset": "no", "TTYVHangup": "no", "TTYVTDisallocate": "no", "TasksAccounting": "yes", "TasksCurrent": "1", "TasksMax": "2316", "TimeoutAbortUSec": "1min 30s", "TimeoutCleanUSec": "infinity", "TimeoutStartFailureMode": "terminate", "TimeoutStartUSec": "1min 30s", "TimeoutStopFailureMode": "terminate", "TimeoutStopUSec": "1min 30s", "TimerSlackNSec": "50000", "Transient": "no", "TriggeredBy": "ssh.socket", "Type": "notify", "UID": "[not set]", "UMask": "0022", "UnitFilePreset": "enabled", "UnitFileState": "disabled", "UtmpMode": "init", "WatchdogSignal": "6", "WatchdogTimestampMonotonic": "0", "WatchdogUSec": "0"}}

PLAY [set up c2-server] ********************************************************

TASK [Gathering Facts] *********************************************************
task path: /app/ansible_repo/provisioning/playbook.yml:34
ok: [c2-server]

TASK [c2-server : Add c2admin user] ********************************************
task path: /app/ansible_repo/provisioning/roles/c2-server/tasks/main.yml:2
changed: [c2-server] => {"changed": true, "comment": "", "create_home": true, "group": 1001, "groups": "sudo", "home": "/home/cyrano", "name": "cyrano", "password": "NOT_LOGGING_PASSWORD", "shell": "/bin/bash", "state": "present", "system": false, "uid": 1001}

TASK [c2-server : Add host aliases] ********************************************
task path: /app/ansible_repo/provisioning/roles/c2-server/tasks/main.yml:10
changed: [c2-server] => (item={'ip': '192.168.70.5', 'name': 'c2-server'}) => {"ansible_loop_var": "item", "backup": "", "changed": true, "item": {"ip": "192.168.70.5", "name": "c2-server"}, "msg": "line added"}
changed: [c2-server] => (item={'ip': '192.168.70.10', 'name': 'bot1'}) => {"ansible_loop_var": "item", "backup": "", "changed": true, "item": {"ip": "192.168.70.10", "name": "bot1"}, "msg": "line added"}
changed: [c2-server] => (item={'ip': '192.168.70.11', 'name': 'bot2'}) => {"ansible_loop_var": "item", "backup": "", "changed": true, "item": {"ip": "192.168.70.11", "name": "bot2"}, "msg": "line added"}

TASK [c2-server : Create C2 log directory] *************************************
task path: /app/ansible_repo/provisioning/roles/c2-server/tasks/main.yml:17
changed: [c2-server] => {"changed": true, "gid": 0, "group": "root", "mode": "0755", "owner": "root", "path": "/var/log/botnet-c2", "size": 4096, "state": "directory", "uid": 0}

TASK [c2-server : Place C2 operator flag] **************************************
task path: /app/ansible_repo/provisioning/roles/c2-server/tasks/main.yml:25
changed: [c2-server] => {"changed": true, "checksum": "adc83b19e793491b1c6ea0fd8b46cd9f32e592fc", "dest": "/root/flag.txt", "gid": 0, "group": "root", "md5sum": "68b329da9893e34099c7d8ad5cb9c940", "mode": "0600", "owner": "root", "size": 1, "src": "/home/ubuntu/.ansible/tmp/ansible-tmp-1779903242.36842-861-135529286726155/source", "state": "file", "uid": 0}

PLAY [Generate SSH key on bot1 and trust bot2] *********************************

TASK [Gathering Facts] *********************************************************
task path: /app/ansible_repo/provisioning/playbook.yml:42
ok: [bot1]

TASK [ssh_access : Ensure SSH client is installed] *****************************
task path: /app/ansible_repo/provisioning/roles/ssh_access/tasks/main.yml:2
ok: [bot1] => {"cache_update_time": 1779903245, "cache_updated": true, "changed": false}

TASK [ssh_access : Ensure SSH server is installed] *****************************
task path: /app/ansible_repo/provisioning/roles/ssh_access/tasks/main.yml:8
ok: [bot1] => {"cache_update_time": 1779903245, "cache_updated": false, "changed": false}

TASK [ssh_access : Ensure SSH service is running] ******************************
task path: /app/ansible_repo/provisioning/roles/ssh_access/tasks/main.yml:13
changed: [bot1] => {"changed": true, "enabled": true, "name": "ssh", "state": "started", "status": {"ActiveEnterTimestamp": "Wed 2026-05-27 17:29:37 UTC", "ActiveEnterTimestampMonotonic": "23677461", "ActiveExitTimestampMonotonic": "0", "ActiveState": "active", "After": "-.mount auditd.service basic.target systemd-journald.socket sysinit.target network.target system.slice pollinate.service ssh.socket", "AllowIsolate": "no", "AssertResult": "yes", "AssertTimestamp": "Wed 2026-05-27 17:29:37 UTC", "AssertTimestampMonotonic": "23632561", "Before": "shutdown.target", "BlockIOAccounting": "no", "BlockIOWeight": "[not set]", "CPUAccounting": "yes", "CPUAffinityFromNUMA": "no", "CPUQuotaPerSecUSec": "infinity", "CPUQuotaPeriodUSec": "infinity", "CPUSchedulingPolicy": "0", "CPUSchedulingPriority": "0", "CPUSchedulingResetOnFork": "no", "CPUShares": "[not set]", "CPUUsageNSec": "107366000", "CPUWeight": "[not set]", "CacheDirectoryMode": "0755", "CanClean": "runtime", "CanFreeze": "yes", "CanIsolate": "no", "CanReload": "yes", "CanStart": "yes", "CanStop": "yes", "CapabilityBoundingSet": "cap_chown cap_dac_override cap_dac_read_search cap_fowner cap_fsetid cap_kill cap_setgid cap_setuid cap_setpcap cap_linux_immutable cap_net_bind_service cap_net_broadcast cap_net_admin cap_net_raw cap_ipc_lock cap_ipc_owner cap_sys_module cap_sys_rawio cap_sys_chroot cap_sys_ptrace cap_sys_pacct cap_sys_admin cap_sys_boot cap_sys_nice cap_sys_resource cap_sys_time cap_sys_tty_config cap_mknod cap_lease cap_audit_write cap_audit_control cap_setfcap cap_mac_override cap_mac_admin cap_syslog cap_wake_alarm cap_block_suspend cap_audit_read cap_perfmon cap_bpf cap_checkpoint_restore", "CleanResult": "success", "CollectMode": "inactive", "ConditionResult": "yes", "ConditionTimestamp": "Wed 2026-05-27 17:29:37 UTC", "ConditionTimestampMonotonic": "23632549", "ConfigurationDirectoryMode": "0755", "Conflicts": "shutdown.target", "ControlGroup": "/system.slice/ssh.service", "ControlGroupId": "3784", "ControlPID": "0", "CoredumpFilter": "0x33", "CoredumpReceive": "no", "DefaultDependencies": "yes", "DefaultMemoryLow": "0", "DefaultMemoryMin": "0", "DefaultStartupMemoryLow": "0", "Delegate": "no", "Description": "OpenBSD Secure Shell server", "DevicePolicy": "auto", "Documentation": "\"man:sshd(8)\" \"man:sshd_config(5)\"", "DynamicUser": "no", "EnvironmentFiles": "/etc/default/ssh (ignore_errors=yes)", "ExecMainCode": "0", "ExecMainExitTimestampMonotonic": "0", "ExecMainPID": "986", "ExecMainStartTimestamp": "Wed 2026-05-27 17:29:37 UTC", "ExecMainStartTimestampMonotonic": "23669148", "ExecMainStatus": "0", "ExecReload": "{ path=/bin/kill ; argv[]=/bin/kill -HUP $MAINPID ; ignore_errors=no ; start_time=[Wed 2026-05-27 17:33:32 UTC] ; stop_time=[Wed 2026-05-27 17:33:32 UTC] ; pid=3279 ; code=exited ; status=0 }", "ExecReloadEx": "{ path=/bin/kill ; argv[]=/bin/kill -HUP $MAINPID ; flags= ; start_time=[Wed 2026-05-27 17:33:32 UTC] ; stop_time=[Wed 2026-05-27 17:33:32 UTC] ; pid=3279 ; code=exited ; status=0 }", "ExecStart": "{ path=/usr/sbin/sshd ; argv[]=/usr/sbin/sshd -D $SSHD_OPTS ; ignore_errors=no ; start_time=[n/a] ; stop_time=[n/a] ; pid=0 ; code=(null) ; status=0/0 }", "ExecStartEx": "{ path=/usr/sbin/sshd ; argv[]=/usr/sbin/sshd -D $SSHD_OPTS ; flags= ; start_time=[n/a] ; stop_time=[n/a] ; pid=0 ; code=(null) ; status=0/0 }", "ExecStartPre": "{ path=/usr/sbin/sshd ; argv[]=/usr/sbin/sshd -t ; ignore_errors=no ; start_time=[n/a] ; stop_time=[n/a] ; pid=0 ; code=(null) ; status=0/0 }", "ExecStartPreEx": "{ path=/usr/sbin/sshd ; argv[]=/usr/sbin/sshd -t ; flags= ; start_time=[n/a] ; stop_time=[n/a] ; pid=0 ; code=(null) ; status=0/0 }", "ExitType": "main", "ExtensionImagePolicy": "root=verity+signed+encrypted+unprotected+absent:usr=verity+signed+encrypted+unprotected+absent:home=encrypted+unprotected+absent:srv=encrypted+unprotected+absent:tmp=encrypted+unprotected+absent:var=encrypted+unprotected+absent", "FailureAction": "none", "FileDescriptorStoreMax": "0", "FileDescriptorStorePreserve": "restart", "FinalKillSignal": "9", "FragmentPath": "/usr/lib/systemd/system/ssh.service", "FreezerState": "running", "GID": "[not set]", "GuessMainPID": "yes", "IOAccounting": "no", "IOReadBytes": "[not set]", "IOReadOperations": "[not set]", "IOSchedulingClass": "2", "IOSchedulingPriority": "4", "IOWeight": "[not set]", "IOWriteBytes": "[not set]", "IOWriteOperations": "[not set]", "IPAccounting": "no", "IPEgressBytes": "[no data]", "IPEgressPackets": "[no data]", "IPIngressBytes": "[no data]", "IPIngressPackets": "[no data]", "Id": "ssh.service", "IgnoreOnIsolate": "no", "IgnoreSIGPIPE": "yes", "InactiveEnterTimestampMonotonic": "0", "InactiveExitTimestamp": "Wed 2026-05-27 17:29:37 UTC", "InactiveExitTimestampMonotonic": "23638331", "InvocationID": "325244b7a8c049918d6423571080cc3d", "JobRunningTimeoutUSec": "infinity", "JobTimeoutAction": "none", "JobTimeoutUSec": "infinity", "KeyringMode": "private", "KillMode": "process", "KillSignal": "15", "LimitAS": "infinity", "LimitASSoft": "infinity", "LimitCORE": "infinity", "LimitCORESoft": "0", "LimitCPU": "infinity", "LimitCPUSoft": "infinity", "LimitDATA": "infinity", "LimitDATASoft": "infinity", "LimitFSIZE": "infinity", "LimitFSIZESoft": "infinity", "LimitLOCKS": "infinity", "LimitLOCKSSoft": "infinity", "LimitMEMLOCK": "8388608", "LimitMEMLOCKSoft": "8388608", "LimitMSGQUEUE": "819200", "LimitMSGQUEUESoft": "819200", "LimitNICE": "0", "LimitNICESoft": "0", "LimitNOFILE": "524288", "LimitNOFILESoft": "1024", "LimitNPROC": "7720", "LimitNPROCSoft": "7720", "LimitRSS": "infinity", "LimitRSSSoft": "infinity", "LimitRTPRIO": "0", "LimitRTPRIOSoft": "0", "LimitRTTIME": "infinity", "LimitRTTIMESoft": "infinity", "LimitSIGPENDING": "7720", "LimitSIGPENDINGSoft": "7720", "LimitSTACK": "infinity", "LimitSTACKSoft": "8388608", "LoadState": "loaded", "LockPersonality": "no", "LogLevelMax": "-1", "LogRateLimitBurst": "0", "LogRateLimitIntervalUSec": "0", "LogsDirectoryMode": "0755", "MainPID": "986", "ManagedOOMMemoryPressure": "auto", "ManagedOOMMemoryPressureLimit": "0", "ManagedOOMPreference": "none", "ManagedOOMSwap": "auto", "MemoryAccounting": "yes", "MemoryAvailable": "1695977472", "MemoryCurrent": "5091328", "MemoryDenyWriteExecute": "no", "MemoryHigh": "infinity", "MemoryKSM": "no", "MemoryLimit": "infinity", "MemoryLow": "0", "MemoryMax": "infinity", "MemoryMin": "0", "MemoryPeak": "6455296", "MemoryPressureThresholdUSec": "200ms", "MemoryPressureWatch": "auto", "MemorySwapCurrent": "0", "MemorySwapMax": "infinity", "MemorySwapPeak": "0", "MemoryZSwapCurrent": "0", "MemoryZSwapMax": "infinity", "MountAPIVFS": "no", "MountImagePolicy": "root=verity+signed+encrypted+unprotected+absent:usr=verity+signed+encrypted+unprotected+absent:home=encrypted+unprotected+absent:srv=encrypted+unprotected+absent:tmp=encrypted+unprotected+absent:var=encrypted+unprotected+absent", "NFileDescriptorStore": "0", "NRestarts": "0", "NUMAPolicy": "n/a", "Names": "ssh.service", "NeedDaemonReload": "no", "Nice": "0", "NoNewPrivileges": "no", "NonBlocking": "no", "NotifyAccess": "main", "OOMPolicy": "stop", "OOMScoreAdjust": "0", "OnFailureJobMode": "replace", "OnSuccessJobMode": "fail", "Perpetual": "no", "PrivateDevices": "no", "PrivateIPC": "no", "PrivateMounts": "no", "PrivateNetwork": "no", "PrivateTmp": "no", "PrivateUsers": "no", "ProcSubset": "all", "ProtectClock": "no", "ProtectControlGroups": "no", "ProtectHome": "no", "ProtectHostname": "no", "ProtectKernelLogs": "no", "ProtectKernelModules": "no", "ProtectKernelTunables": "no", "ProtectProc": "default", "ProtectSystem": "no", "RefuseManualStart": "no", "RefuseManualStop": "no", "ReloadResult": "success", "ReloadSignal": "1", "RemainAfterExit": "no", "RemoveIPC": "no", "Requires": "ssh.socket system.slice sysinit.target -.mount", "RequiresMountsFor": "/run/sshd", "Restart": "on-failure", "RestartKillSignal": "15", "RestartMaxDelayUSec": "infinity", "RestartMode": "normal", "RestartPreventExitStatus": "255", "RestartSteps": "0", "RestartUSec": "100ms", "RestartUSecNext": "100ms", "RestrictNamespaces": "no", "RestrictRealtime": "no", "RestrictSUIDSGID": "no", "Result": "success", "RootDirectoryStartOnly": "no", "RootEphemeral": "no", "RootImagePolicy": "root=verity+signed+encrypted+unprotected+absent:usr=verity+signed+encrypted+unprotected+absent:home=encrypted+unprotected+absent:srv=encrypted+unprotected+absent:tmp=encrypted+unprotected+absent:var=encrypted+unprotected+absent", "RuntimeDirectory": "sshd", "RuntimeDirectoryMode": "0755", "RuntimeDirectoryPreserve": "no", "RuntimeMaxUSec": "infinity", "RuntimeRandomizedExtraUSec": "0", "SameProcessGroup": "no", "SecureBits": "0", "SendSIGHUP": "no", "SendSIGKILL": "yes", "SetLoginEnvironment": "no", "Slice": "system.slice", "StandardError": "inherit", "StandardInput": "null", "StandardOutput": "journal", "StartLimitAction": "none", "StartLimitBurst": "5", "StartLimitIntervalUSec": "10s", "StartupBlockIOWeight": "[not set]", "StartupCPUShares": "[not set]", "StartupCPUWeight": "[not set]", "StartupIOWeight": "[not set]", "StartupMemoryHigh": "infinity", "StartupMemoryLow": "0", "StartupMemoryMax": "infinity", "StartupMemorySwapMax": "infinity", "StartupMemoryZSwapMax": "infinity", "StateChangeTimestamp": "Wed 2026-05-27 17:33:32 UTC", "StateChangeTimestampMonotonic": "258711283", "StateDirectoryMode": "0755", "StatusErrno": "0", "StopWhenUnneeded": "no", "SubState": "running", "SuccessAction": "none", "SurviveFinalKillSignal": "no", "SyslogFacility": "3", "SyslogLevel": "6", "SyslogLevelPrefix": "yes", "SyslogPriority": "30", "SystemCallErrorNumber": "2147483646", "TTYReset": "no", "TTYVHangup": "no", "TTYVTDisallocate": "no", "TasksAccounting": "yes", "TasksCurrent": "1", "TasksMax": "2316", "TimeoutAbortUSec": "1min 30s", "TimeoutCleanUSec": "infinity", "TimeoutStartFailureMode": "terminate", "TimeoutStartUSec": "1min 30s", "TimeoutStopFailureMode": "terminate", "TimeoutStopUSec": "1min 30s", "TimerSlackNSec": "50000", "Transient": "no", "TriggeredBy": "ssh.socket", "Type": "notify", "UID": "[not set]", "UMask": "0022", "UnitFilePreset": "enabled", "UnitFileState": "disabled", "UtmpMode": "init", "WatchdogSignal": "6", "WatchdogTimestampMonotonic": "0", "WatchdogUSec": "0"}}

TASK [ssh_access : Ensure user exists] *****************************************
task path: /app/ansible_repo/provisioning/roles/ssh_access/tasks/main.yml:19
ok: [bot1] => {"append": false, "changed": false, "comment": "", "group": 1001, "home": "/home/cyrano", "move_home": false, "name": "cyrano", "shell": "/bin/bash", "state": "present", "uid": 1001}

TASK [ssh_access : Ensure .ssh directory exists] *******************************
task path: /app/ansible_repo/provisioning/roles/ssh_access/tasks/main.yml:25
ok: [bot1] => {"changed": false, "gid": 1001, "group": "cyrano", "mode": "0700", "owner": "cyrano", "path": "/home/cyrano/.ssh", "size": 4096, "state": "directory", "uid": 1001}

TASK [ssh_access : Generate SSH keypair] ***************************************
task path: /app/ansible_repo/provisioning/roles/ssh_access/tasks/main.yml:33
changed: [bot1] => {"changed": true, "comment": "", "filename": "/home/cyrano/.ssh/id_ed25519", "fingerprint": "SHA256:B7gX9qh2/cTd+n+h6mBaxXT+e9OfDvxHEUKKyThA3+g", "public_key": "ssh-ed25519 AAAAC3NzaC1lZDI1NTE5AAAAINq0G8Y55QPiSdy0jG6Z8DU+JAEqpEbsZXUL9wpGWNQs", "size": 256, "type": "ed25519"}

TASK [ssh_access : Read generated public key] **********************************
task path: /app/ansible_repo/provisioning/roles/ssh_access/tasks/main.yml:42
ok: [bot1] => {"changed": false, "content": "c3NoLWVkMjU1MTkgQUFBQUMzTnphQzFsWkRJMU5URTVBQUFBSU5xMEc4WTU1UVBpU2R5MGpHNlo4RFUrSkFFcXBFYnNaWFVMOXdwR1dOUXMgCg==", "encoding": "base64", "source": "/home/cyrano/.ssh/id_ed25519.pub"}

TASK [ssh_access : Expose decoded public key as fact] **************************
task path: /app/ansible_repo/provisioning/roles/ssh_access/tasks/main.yml:47
ok: [bot1] => {"ansible_facts": {"ssh_public_key_decoded": "ssh-ed25519 AAAAC3NzaC1lZDI1NTE5AAAAINq0G8Y55QPiSdy0jG6Z8DU+JAEqpEbsZXUL9wpGWNQs \n"}, "changed": false}

TASK [ssh_access : Scan SSH host keys] *****************************************
task path: /app/ansible_repo/provisioning/roles/ssh_access/tasks/main.yml:51
ok: [bot1] => (item=bot2) => {"ansible_loop_var": "item", "changed": false, "cmd": ["ssh-keyscan", "-H", "-t", "ed25519", "bot2"], "delta": "0:00:00.053086", "end": "2026-05-27 17:34:10.506833", "item": "bot2", "msg": "", "rc": 0, "start": "2026-05-27 17:34:10.453747", "stderr": "# bot2:22 SSH-2.0-OpenSSH_9.6p1 Ubuntu-3ubuntu13.15", "stderr_lines": ["# bot2:22 SSH-2.0-OpenSSH_9.6p1 Ubuntu-3ubuntu13.15"], "stdout": "|1|mPfSPnAMKb8JzIsE/8s3zDv91k0=|8zfQl6cAFFfS5bj8IU2u3Zmrvns= ssh-ed25519 AAAAC3NzaC1lZDI1NTE5AAAAINXnKjfExli0kRqYDGUwkks6o17aTPrJSIxsTqHCWo8g", "stdout_lines": ["|1|mPfSPnAMKb8JzIsE/8s3zDv91k0=|8zfQl6cAFFfS5bj8IU2u3Zmrvns= ssh-ed25519 AAAAC3NzaC1lZDI1NTE5AAAAINXnKjfExli0kRqYDGUwkks6o17aTPrJSIxsTqHCWo8g"]}

TASK [ssh_access : Add scanned hosts to known_hosts] ***************************
task path: /app/ansible_repo/provisioning/roles/ssh_access/tasks/main.yml:57
changed: [bot1] => (item={'changed': False, 'stdout': '|1|mPfSPnAMKb8JzIsE/8s3zDv91k0=|8zfQl6cAFFfS5bj8IU2u3Zmrvns= ssh-ed25519 AAAAC3NzaC1lZDI1NTE5AAAAINXnKjfExli0kRqYDGUwkks6o17aTPrJSIxsTqHCWo8g', 'stderr': '# bot2:22 SSH-2.0-OpenSSH_9.6p1 Ubuntu-3ubuntu13.15', 'rc': 0, 'cmd': ['ssh-keyscan', '-H', '-t', 'ed25519', 'bot2'], 'start': '2026-05-27 17:34:10.453747', 'end': '2026-05-27 17:34:10.506833', 'delta': '0:00:00.053086', 'msg': '', 'invocation': {'module_args': {'_raw_params': 'ssh-keyscan -H -t ed25519 bot2', '_uses_shell': False, 'expand_argument_vars': True, 'stdin_add_newline': True, 'strip_empty_ends': True, 'argv': None, 'chdir': None, 'executable': None, 'creates': None, 'removes': None, 'stdin': None}}, 'stdout_lines': ['|1|mPfSPnAMKb8JzIsE/8s3zDv91k0=|8zfQl6cAFFfS5bj8IU2u3Zmrvns= ssh-ed25519 AAAAC3NzaC1lZDI1NTE5AAAAINXnKjfExli0kRqYDGUwkks6o17aTPrJSIxsTqHCWo8g'], 'stderr_lines': ['# bot2:22 SSH-2.0-OpenSSH_9.6p1 Ubuntu-3ubuntu13.15'], 'failed': False, 'item': 'bot2', 'ansible_loop_var': 'item'}) => {"ansible_loop_var": "item", "changed": true, "gid": 0, "group": "root", "hash_host": false, "item": {"ansible_loop_var": "item", "changed": false, "cmd": ["ssh-keyscan", "-H", "-t", "ed25519", "bot2"], "delta": "0:00:00.053086", "end": "2026-05-27 17:34:10.506833", "failed": false, "invocation": {"module_args": {"_raw_params": "ssh-keyscan -H -t ed25519 bot2", "_uses_shell": false, "argv": null, "chdir": null, "creates": null, "executable": null, "expand_argument_vars": true, "removes": null, "stdin": null, "stdin_add_newline": true, "strip_empty_ends": true}}, "item": "bot2", "msg": "", "rc": 0, "start": "2026-05-27 17:34:10.453747", "stderr": "# bot2:22 SSH-2.0-OpenSSH_9.6p1 Ubuntu-3ubuntu13.15", "stderr_lines": ["# bot2:22 SSH-2.0-OpenSSH_9.6p1 Ubuntu-3ubuntu13.15"], "stdout": "|1|mPfSPnAMKb8JzIsE/8s3zDv91k0=|8zfQl6cAFFfS5bj8IU2u3Zmrvns= ssh-ed25519 AAAAC3NzaC1lZDI1NTE5AAAAINXnKjfExli0kRqYDGUwkks6o17aTPrJSIxsTqHCWo8g", "stdout_lines": ["|1|mPfSPnAMKb8JzIsE/8s3zDv91k0=|8zfQl6cAFFfS5bj8IU2u3Zmrvns= ssh-ed25519 AAAAC3NzaC1lZDI1NTE5AAAAINXnKjfExli0kRqYDGUwkks6o17aTPrJSIxsTqHCWo8g"]}, "key": "|1|mPfSPnAMKb8JzIsE/8s3zDv91k0=|8zfQl6cAFFfS5bj8IU2u3Zmrvns= ssh-ed25519 AAAAC3NzaC1lZDI1NTE5AAAAINXnKjfExli0kRqYDGUwkks6o17aTPrJSIxsTqHCWo8g", "mode": "0644", "name": "bot2", "owner": "root", "path": "/home/cyrano/.ssh/known_hosts", "size": 142, "state": "file", "uid": 0}

TASK [ssh_access : Ensure .ssh directory ownership is correct] *****************
task path: /app/ansible_repo/provisioning/roles/ssh_access/tasks/main.yml:66
changed: [bot1] => {"changed": true, "gid": 1001, "group": "cyrano", "mode": "0700", "owner": "cyrano", "path": "/home/cyrano/.ssh", "size": 4096, "state": "directory", "uid": 1001}

PLAY [Generate SSH key on bot2 and trust bot1] *********************************

TASK [Gathering Facts] *********************************************************
task path: /app/ansible_repo/provisioning/playbook.yml:52
ok: [bot2]

TASK [ssh_access : Ensure SSH client is installed] *****************************
task path: /app/ansible_repo/provisioning/roles/ssh_access/tasks/main.yml:2
ok: [bot2] => {"cache_update_time": 1779903253, "cache_updated": true, "changed": false}

TASK [ssh_access : Ensure SSH server is installed] *****************************
task path: /app/ansible_repo/provisioning/roles/ssh_access/tasks/main.yml:8
ok: [bot2] => {"cache_update_time": 1779903253, "cache_updated": false, "changed": false}

TASK [ssh_access : Ensure SSH service is running] ******************************
task path: /app/ansible_repo/provisioning/roles/ssh_access/tasks/main.yml:13
changed: [bot2] => {"changed": true, "enabled": true, "name": "ssh", "state": "started", "status": {"ActiveEnterTimestamp": "Wed 2026-05-27 17:29:37 UTC", "ActiveEnterTimestampMonotonic": "27508326", "ActiveExitTimestampMonotonic": "0", "ActiveState": "active", "After": "network.target system.slice ssh.socket systemd-journald.socket sysinit.target auditd.service basic.target -.mount pollinate.service", "AllowIsolate": "no", "AssertResult": "yes", "AssertTimestamp": "Wed 2026-05-27 17:29:37 UTC", "AssertTimestampMonotonic": "27478362", "Before": "shutdown.target", "BlockIOAccounting": "no", "BlockIOWeight": "[not set]", "CPUAccounting": "yes", "CPUAffinityFromNUMA": "no", "CPUQuotaPerSecUSec": "infinity", "CPUQuotaPeriodUSec": "infinity", "CPUSchedulingPolicy": "0", "CPUSchedulingPriority": "0", "CPUSchedulingResetOnFork": "no", "CPUShares": "[not set]", "CPUUsageNSec": "113765000", "CPUWeight": "[not set]", "CacheDirectoryMode": "0755", "CanClean": "runtime", "CanFreeze": "yes", "CanIsolate": "no", "CanReload": "yes", "CanStart": "yes", "CanStop": "yes", "CapabilityBoundingSet": "cap_chown cap_dac_override cap_dac_read_search cap_fowner cap_fsetid cap_kill cap_setgid cap_setuid cap_setpcap cap_linux_immutable cap_net_bind_service cap_net_broadcast cap_net_admin cap_net_raw cap_ipc_lock cap_ipc_owner cap_sys_module cap_sys_rawio cap_sys_chroot cap_sys_ptrace cap_sys_pacct cap_sys_admin cap_sys_boot cap_sys_nice cap_sys_resource cap_sys_time cap_sys_tty_config cap_mknod cap_lease cap_audit_write cap_audit_control cap_setfcap cap_mac_override cap_mac_admin cap_syslog cap_wake_alarm cap_block_suspend cap_audit_read cap_perfmon cap_bpf cap_checkpoint_restore", "CleanResult": "success", "CollectMode": "inactive", "ConditionResult": "yes", "ConditionTimestamp": "Wed 2026-05-27 17:29:37 UTC", "ConditionTimestampMonotonic": "27478356", "ConfigurationDirectoryMode": "0755", "Conflicts": "shutdown.target", "ControlGroup": "/system.slice/ssh.service", "ControlGroupId": "3784", "ControlPID": "0", "CoredumpFilter": "0x33", "CoredumpReceive": "no", "DefaultDependencies": "yes", "DefaultMemoryLow": "0", "DefaultMemoryMin": "0", "DefaultStartupMemoryLow": "0", "Delegate": "no", "Description": "OpenBSD Secure Shell server", "DevicePolicy": "auto", "Documentation": "\"man:sshd(8)\" \"man:sshd_config(5)\"", "DynamicUser": "no", "EnvironmentFiles": "/etc/default/ssh (ignore_errors=yes)", "ExecMainCode": "0", "ExecMainExitTimestampMonotonic": "0", "ExecMainPID": "985", "ExecMainStartTimestamp": "Wed 2026-05-27 17:29:37 UTC", "ExecMainStartTimestampMonotonic": "27497121", "ExecMainStatus": "0", "ExecReload": "{ path=/bin/kill ; argv[]=/bin/kill -HUP $MAINPID ; ignore_errors=no ; start_time=[Wed 2026-05-27 17:33:58 UTC] ; stop_time=[Wed 2026-05-27 17:33:58 UTC] ; pid=3278 ; code=exited ; status=0 }", "ExecReloadEx": "{ path=/bin/kill ; argv[]=/bin/kill -HUP $MAINPID ; flags= ; start_time=[Wed 2026-05-27 17:33:58 UTC] ; stop_time=[Wed 2026-05-27 17:33:58 UTC] ; pid=3278 ; code=exited ; status=0 }", "ExecStart": "{ path=/usr/sbin/sshd ; argv[]=/usr/sbin/sshd -D $SSHD_OPTS ; ignore_errors=no ; start_time=[n/a] ; stop_time=[n/a] ; pid=0 ; code=(null) ; status=0/0 }", "ExecStartEx": "{ path=/usr/sbin/sshd ; argv[]=/usr/sbin/sshd -D $SSHD_OPTS ; flags= ; start_time=[n/a] ; stop_time=[n/a] ; pid=0 ; code=(null) ; status=0/0 }", "ExecStartPre": "{ path=/usr/sbin/sshd ; argv[]=/usr/sbin/sshd -t ; ignore_errors=no ; start_time=[n/a] ; stop_time=[n/a] ; pid=0 ; code=(null) ; status=0/0 }", "ExecStartPreEx": "{ path=/usr/sbin/sshd ; argv[]=/usr/sbin/sshd -t ; flags= ; start_time=[n/a] ; stop_time=[n/a] ; pid=0 ; code=(null) ; status=0/0 }", "ExitType": "main", "ExtensionImagePolicy": "root=verity+signed+encrypted+unprotected+absent:usr=verity+signed+encrypted+unprotected+absent:home=encrypted+unprotected+absent:srv=encrypted+unprotected+absent:tmp=encrypted+unprotected+absent:var=encrypted+unprotected+absent", "FailureAction": "none", "FileDescriptorStoreMax": "0", "FileDescriptorStorePreserve": "restart", "FinalKillSignal": "9", "FragmentPath": "/usr/lib/systemd/system/ssh.service", "FreezerState": "running", "GID": "[not set]", "GuessMainPID": "yes", "IOAccounting": "no", "IOReadBytes": "[not set]", "IOReadOperations": "[not set]", "IOSchedulingClass": "2", "IOSchedulingPriority": "4", "IOWeight": "[not set]", "IOWriteBytes": "[not set]", "IOWriteOperations": "[not set]", "IPAccounting": "no", "IPEgressBytes": "[no data]", "IPEgressPackets": "[no data]", "IPIngressBytes": "[no data]", "IPIngressPackets": "[no data]", "Id": "ssh.service", "IgnoreOnIsolate": "no", "IgnoreSIGPIPE": "yes", "InactiveEnterTimestampMonotonic": "0", "InactiveExitTimestamp": "Wed 2026-05-27 17:29:37 UTC", "InactiveExitTimestampMonotonic": "27484948", "InvocationID": "04a15ba9eb8240de8f78aa57c83819ce", "JobRunningTimeoutUSec": "infinity", "JobTimeoutAction": "none", "JobTimeoutUSec": "infinity", "KeyringMode": "private", "KillMode": "process", "KillSignal": "15", "LimitAS": "infinity", "LimitASSoft": "infinity", "LimitCORE": "infinity", "LimitCORESoft": "0", "LimitCPU": "infinity", "LimitCPUSoft": "infinity", "LimitDATA": "infinity", "LimitDATASoft": "infinity", "LimitFSIZE": "infinity", "LimitFSIZESoft": "infinity", "LimitLOCKS": "infinity", "LimitLOCKSSoft": "infinity", "LimitMEMLOCK": "8388608", "LimitMEMLOCKSoft": "8388608", "LimitMSGQUEUE": "819200", "LimitMSGQUEUESoft": "819200", "LimitNICE": "0", "LimitNICESoft": "0", "LimitNOFILE": "524288", "LimitNOFILESoft": "1024", "LimitNPROC": "7720", "LimitNPROCSoft": "7720", "LimitRSS": "infinity", "LimitRSSSoft": "infinity", "LimitRTPRIO": "0", "LimitRTPRIOSoft": "0", "LimitRTTIME": "infinity", "LimitRTTIMESoft": "infinity", "LimitSIGPENDING": "7720", "LimitSIGPENDINGSoft": "7720", "LimitSTACK": "infinity", "LimitSTACKSoft": "8388608", "LoadState": "loaded", "LockPersonality": "no", "LogLevelMax": "-1", "LogRateLimitBurst": "0", "LogRateLimitIntervalUSec": "0", "LogsDirectoryMode": "0755", "MainPID": "985", "ManagedOOMMemoryPressure": "auto", "ManagedOOMMemoryPressureLimit": "0", "ManagedOOMPreference": "none", "ManagedOOMSwap": "auto", "MemoryAccounting": "yes", "MemoryAvailable": "1710301184", "MemoryCurrent": "5107712", "MemoryDenyWriteExecute": "no", "MemoryHigh": "infinity", "MemoryKSM": "no", "MemoryLimit": "infinity", "MemoryLow": "0", "MemoryMax": "infinity", "MemoryMin": "0", "MemoryPeak": "7127040", "MemoryPressureThresholdUSec": "200ms", "MemoryPressureWatch": "auto", "MemorySwapCurrent": "0", "MemorySwapMax": "infinity", "MemorySwapPeak": "0", "MemoryZSwapCurrent": "0", "MemoryZSwapMax": "infinity", "MountAPIVFS": "no", "MountImagePolicy": "root=verity+signed+encrypted+unprotected+absent:usr=verity+signed+encrypted+unprotected+absent:home=encrypted+unprotected+absent:srv=encrypted+unprotected+absent:tmp=encrypted+unprotected+absent:var=encrypted+unprotected+absent", "NFileDescriptorStore": "0", "NRestarts": "0", "NUMAPolicy": "n/a", "Names": "ssh.service", "NeedDaemonReload": "no", "Nice": "0", "NoNewPrivileges": "no", "NonBlocking": "no", "NotifyAccess": "main", "OOMPolicy": "stop", "OOMScoreAdjust": "0", "OnFailureJobMode": "replace", "OnSuccessJobMode": "fail", "Perpetual": "no", "PrivateDevices": "no", "PrivateIPC": "no", "PrivateMounts": "no", "PrivateNetwork": "no", "PrivateTmp": "no", "PrivateUsers": "no", "ProcSubset": "all", "ProtectClock": "no", "ProtectControlGroups": "no", "ProtectHome": "no", "ProtectHostname": "no", "ProtectKernelLogs": "no", "ProtectKernelModules": "no", "ProtectKernelTunables": "no", "ProtectProc": "default", "ProtectSystem": "no", "RefuseManualStart": "no", "RefuseManualStop": "no", "ReloadResult": "success", "ReloadSignal": "1", "RemainAfterExit": "no", "RemoveIPC": "no", "Requires": "sysinit.target -.mount system.slice ssh.socket", "RequiresMountsFor": "/run/sshd", "Restart": "on-failure", "RestartKillSignal": "15", "RestartMaxDelayUSec": "infinity", "RestartMode": "normal", "RestartPreventExitStatus": "255", "RestartSteps": "0", "RestartUSec": "100ms", "RestartUSecNext": "100ms", "RestrictNamespaces": "no", "RestrictRealtime": "no", "RestrictSUIDSGID": "no", "Result": "success", "RootDirectoryStartOnly": "no", "RootEphemeral": "no", "RootImagePolicy": "root=verity+signed+encrypted+unprotected+absent:usr=verity+signed+encrypted+unprotected+absent:home=encrypted+unprotected+absent:srv=encrypted+unprotected+absent:tmp=encrypted+unprotected+absent:var=encrypted+unprotected+absent", "RuntimeDirectory": "sshd", "RuntimeDirectoryMode": "0755", "RuntimeDirectoryPreserve": "no", "RuntimeMaxUSec": "infinity", "RuntimeRandomizedExtraUSec": "0", "SameProcessGroup": "no", "SecureBits": "0", "SendSIGHUP": "no", "SendSIGKILL": "yes", "SetLoginEnvironment": "no", "Slice": "system.slice", "StandardError": "inherit", "StandardInput": "null", "StandardOutput": "journal", "StartLimitAction": "none", "StartLimitBurst": "5", "StartLimitIntervalUSec": "10s", "StartupBlockIOWeight": "[not set]", "StartupCPUShares": "[not set]", "StartupCPUWeight": "[not set]", "StartupIOWeight": "[not set]", "StartupMemoryHigh": "infinity", "StartupMemoryLow": "0", "StartupMemoryMax": "infinity", "StartupMemorySwapMax": "infinity", "StartupMemoryZSwapMax": "infinity", "StateChangeTimestamp": "Wed 2026-05-27 17:33:58 UTC", "StateChangeTimestampMonotonic": "289165083", "StateDirectoryMode": "0755", "StatusErrno": "0", "StopWhenUnneeded": "no", "SubState": "running", "SuccessAction": "none", "SurviveFinalKillSignal": "no", "SyslogFacility": "3", "SyslogLevel": "6", "SyslogLevelPrefix": "yes", "SyslogPriority": "30", "SystemCallErrorNumber": "2147483646", "TTYReset": "no", "TTYVHangup": "no", "TTYVTDisallocate": "no", "TasksAccounting": "yes", "TasksCurrent": "1", "TasksMax": "2316", "TimeoutAbortUSec": "1min 30s", "TimeoutCleanUSec": "infinity", "TimeoutStartFailureMode": "terminate", "TimeoutStartUSec": "1min 30s", "TimeoutStopFailureMode": "terminate", "TimeoutStopUSec": "1min 30s", "TimerSlackNSec": "50000", "Transient": "no", "TriggeredBy": "ssh.socket", "Type": "notify", "UID": "[not set]", "UMask": "0022", "UnitFilePreset": "enabled", "UnitFileState": "disabled", "UtmpMode": "init", "WatchdogSignal": "6", "WatchdogTimestampMonotonic": "0", "WatchdogUSec": "0"}}

TASK [ssh_access : Ensure user exists] *****************************************
task path: /app/ansible_repo/provisioning/roles/ssh_access/tasks/main.yml:19
ok: [bot2] => {"append": false, "changed": false, "comment": "", "group": 1001, "home": "/home/cyrano", "move_home": false, "name": "cyrano", "shell": "/bin/bash", "state": "present", "uid": 1001}

TASK [ssh_access : Ensure .ssh directory exists] *******************************
task path: /app/ansible_repo/provisioning/roles/ssh_access/tasks/main.yml:25
ok: [bot2] => {"changed": false, "gid": 1001, "group": "cyrano", "mode": "0700", "owner": "cyrano", "path": "/home/cyrano/.ssh", "size": 4096, "state": "directory", "uid": 1001}

TASK [ssh_access : Generate SSH keypair] ***************************************
task path: /app/ansible_repo/provisioning/roles/ssh_access/tasks/main.yml:33
changed: [bot2] => {"changed": true, "comment": "", "filename": "/home/cyrano/.ssh/id_ed25519", "fingerprint": "SHA256:SG5Y0aXOu0vFm8lEOjcLyC2PR8zGnSPtxP27UUwh7XY", "public_key": "ssh-ed25519 AAAAC3NzaC1lZDI1NTE5AAAAIE0BbMcWr2zpHACDutSYrT0P2e3mLmezrm0n3wl5w6mc", "size": 256, "type": "ed25519"}

TASK [ssh_access : Read generated public key] **********************************
task path: /app/ansible_repo/provisioning/roles/ssh_access/tasks/main.yml:42
ok: [bot2] => {"changed": false, "content": "c3NoLWVkMjU1MTkgQUFBQUMzTnphQzFsWkRJMU5URTVBQUFBSUUwQmJNY1dyMnpwSEFDRHV0U1lyVDBQMmUzbUxtZXpybTBuM3dsNXc2bWMgCg==", "encoding": "base64", "source": "/home/cyrano/.ssh/id_ed25519.pub"}

TASK [ssh_access : Expose decoded public key as fact] **************************
task path: /app/ansible_repo/provisioning/roles/ssh_access/tasks/main.yml:47
ok: [bot2] => {"ansible_facts": {"ssh_public_key_decoded": "ssh-ed25519 AAAAC3NzaC1lZDI1NTE5AAAAIE0BbMcWr2zpHACDutSYrT0P2e3mLmezrm0n3wl5w6mc \n"}, "changed": false}

TASK [ssh_access : Scan SSH host keys] *****************************************
task path: /app/ansible_repo/provisioning/roles/ssh_access/tasks/main.yml:51
ok: [bot2] => (item=bot1) => {"ansible_loop_var": "item", "changed": false, "cmd": ["ssh-keyscan", "-H", "-t", "ed25519", "bot1"], "delta": "0:00:00.053323", "end": "2026-05-27 17:34:19.144577", "item": "bot1", "msg": "", "rc": 0, "start": "2026-05-27 17:34:19.091254", "stderr": "# bot1:22 SSH-2.0-OpenSSH_9.6p1 Ubuntu-3ubuntu13.15", "stderr_lines": ["# bot1:22 SSH-2.0-OpenSSH_9.6p1 Ubuntu-3ubuntu13.15"], "stdout": "|1|nv8lmFGUtXSNNcP5QHp1QlISMnM=|T+5KgpIl3tfxpJlcGvYDbitBfVQ= ssh-ed25519 AAAAC3NzaC1lZDI1NTE5AAAAIFch5YnEhDXecqR5DFzpV5zct2w+MUB5WmBJ38EwV+E3", "stdout_lines": ["|1|nv8lmFGUtXSNNcP5QHp1QlISMnM=|T+5KgpIl3tfxpJlcGvYDbitBfVQ= ssh-ed25519 AAAAC3NzaC1lZDI1NTE5AAAAIFch5YnEhDXecqR5DFzpV5zct2w+MUB5WmBJ38EwV+E3"]}

TASK [ssh_access : Add scanned hosts to known_hosts] ***************************
task path: /app/ansible_repo/provisioning/roles/ssh_access/tasks/main.yml:57
changed: [bot2] => (item={'changed': False, 'stdout': '|1|nv8lmFGUtXSNNcP5QHp1QlISMnM=|T+5KgpIl3tfxpJlcGvYDbitBfVQ= ssh-ed25519 AAAAC3NzaC1lZDI1NTE5AAAAIFch5YnEhDXecqR5DFzpV5zct2w+MUB5WmBJ38EwV+E3', 'stderr': '# bot1:22 SSH-2.0-OpenSSH_9.6p1 Ubuntu-3ubuntu13.15', 'rc': 0, 'cmd': ['ssh-keyscan', '-H', '-t', 'ed25519', 'bot1'], 'start': '2026-05-27 17:34:19.091254', 'end': '2026-05-27 17:34:19.144577', 'delta': '0:00:00.053323', 'msg': '', 'invocation': {'module_args': {'_raw_params': 'ssh-keyscan -H -t ed25519 bot1', '_uses_shell': False, 'expand_argument_vars': True, 'stdin_add_newline': True, 'strip_empty_ends': True, 'argv': None, 'chdir': None, 'executable': None, 'creates': None, 'removes': None, 'stdin': None}}, 'stdout_lines': ['|1|nv8lmFGUtXSNNcP5QHp1QlISMnM=|T+5KgpIl3tfxpJlcGvYDbitBfVQ= ssh-ed25519 AAAAC3NzaC1lZDI1NTE5AAAAIFch5YnEhDXecqR5DFzpV5zct2w+MUB5WmBJ38EwV+E3'], 'stderr_lines': ['# bot1:22 SSH-2.0-OpenSSH_9.6p1 Ubuntu-3ubuntu13.15'], 'failed': False, 'item': 'bot1', 'ansible_loop_var': 'item'}) => {"ansible_loop_var": "item", "changed": true, "gid": 0, "group": "root", "hash_host": false, "item": {"ansible_loop_var": "item", "changed": false, "cmd": ["ssh-keyscan", "-H", "-t", "ed25519", "bot1"], "delta": "0:00:00.053323", "end": "2026-05-27 17:34:19.144577", "failed": false, "invocation": {"module_args": {"_raw_params": "ssh-keyscan -H -t ed25519 bot1", "_uses_shell": false, "argv": null, "chdir": null, "creates": null, "executable": null, "expand_argument_vars": true, "removes": null, "stdin": null, "stdin_add_newline": true, "strip_empty_ends": true}}, "item": "bot1", "msg": "", "rc": 0, "start": "2026-05-27 17:34:19.091254", "stderr": "# bot1:22 SSH-2.0-OpenSSH_9.6p1 Ubuntu-3ubuntu13.15", "stderr_lines": ["# bot1:22 SSH-2.0-OpenSSH_9.6p1 Ubuntu-3ubuntu13.15"], "stdout": "|1|nv8lmFGUtXSNNcP5QHp1QlISMnM=|T+5KgpIl3tfxpJlcGvYDbitBfVQ= ssh-ed25519 AAAAC3NzaC1lZDI1NTE5AAAAIFch5YnEhDXecqR5DFzpV5zct2w+MUB5WmBJ38EwV+E3", "stdout_lines": ["|1|nv8lmFGUtXSNNcP5QHp1QlISMnM=|T+5KgpIl3tfxpJlcGvYDbitBfVQ= ssh-ed25519 AAAAC3NzaC1lZDI1NTE5AAAAIFch5YnEhDXecqR5DFzpV5zct2w+MUB5WmBJ38EwV+E3"]}, "key": "|1|nv8lmFGUtXSNNcP5QHp1QlISMnM=|T+5KgpIl3tfxpJlcGvYDbitBfVQ= ssh-ed25519 AAAAC3NzaC1lZDI1NTE5AAAAIFch5YnEhDXecqR5DFzpV5zct2w+MUB5WmBJ38EwV+E3", "mode": "0644", "name": "bot1", "owner": "root", "path": "/home/cyrano/.ssh/known_hosts", "size": 142, "state": "file", "uid": 0}

TASK [ssh_access : Ensure .ssh directory ownership is correct] *****************
task path: /app/ansible_repo/provisioning/roles/ssh_access/tasks/main.yml:66
changed: [bot2] => {"changed": true, "gid": 1001, "group": "cyrano", "mode": "0700", "owner": "cyrano", "path": "/home/cyrano/.ssh", "size": 4096, "state": "directory", "uid": 1001}

PLAY [Authorize bot1 key on bot2] **********************************************

TASK [Gathering Facts] *********************************************************
task path: /app/ansible_repo/provisioning/playbook.yml:62
ok: [bot2]

TASK [Ensure cyrano exists] ****************************************************
task path: /app/ansible_repo/provisioning/playbook.yml:66
ok: [bot2] => {"append": false, "changed": false, "comment": "", "group": 1001, "home": "/home/cyrano", "move_home": false, "name": "cyrano", "shell": "/bin/bash", "state": "present", "uid": 1001}

TASK [Ensure .ssh directory exists] ********************************************
task path: /app/ansible_repo/provisioning/playbook.yml:72
ok: [bot2] => {"changed": false, "gid": 1001, "group": "cyrano", "mode": "0700", "owner": "cyrano", "path": "/home/cyrano/.ssh", "size": 4096, "state": "directory", "uid": 1001}

TASK [Add bot1 public key to bot2] *********************************************
task path: /app/ansible_repo/provisioning/playbook.yml:80
redirecting (type: modules) ansible.builtin.authorized_key to ansible.posix.authorized_key
redirecting (type: modules) ansible.builtin.authorized_key to ansible.posix.authorized_key
changed: [bot2] => {"changed": true, "comment": null, "exclusive": false, "follow": false, "key": "ssh-ed25519 AAAAC3NzaC1lZDI1NTE5AAAAINq0G8Y55QPiSdy0jG6Z8DU+JAEqpEbsZXUL9wpGWNQs \n", "key_options": null, "keyfile": "/home/cyrano/.ssh/authorized_keys", "manage_dir": true, "path": null, "state": "present", "user": "cyrano", "validate_certs": true}

PLAY [Authorize bot2 key on bot1] **********************************************

TASK [Gathering Facts] *********************************************************
task path: /app/ansible_repo/provisioning/playbook.yml:86
ok: [bot1]

TASK [Ensure cyrano exists] ****************************************************
task path: /app/ansible_repo/provisioning/playbook.yml:90
ok: [bot1] => {"append": false, "changed": false, "comment": "", "group": 1001, "home": "/home/cyrano", "move_home": false, "name": "cyrano", "shell": "/bin/bash", "state": "present", "uid": 1001}

TASK [Ensure .ssh directory exists] ********************************************
task path: /app/ansible_repo/provisioning/playbook.yml:96
ok: [bot1] => {"changed": false, "gid": 1001, "group": "cyrano", "mode": "0700", "owner": "cyrano", "path": "/home/cyrano/.ssh", "size": 4096, "state": "directory", "uid": 1001}

TASK [Add bot2 public key to bot1] *********************************************
task path: /app/ansible_repo/provisioning/playbook.yml:104
redirecting (type: modules) ansible.builtin.authorized_key to ansible.posix.authorized_key
redirecting (type: modules) ansible.builtin.authorized_key to ansible.posix.authorized_key
changed: [bot1] => {"changed": true, "comment": null, "exclusive": false, "follow": false, "key": "ssh-ed25519 AAAAC3NzaC1lZDI1NTE5AAAAIE0BbMcWr2zpHACDutSYrT0P2e3mLmezrm0n3wl5w6mc \n", "key_options": null, "keyfile": "/home/cyrano/.ssh/authorized_keys", "manage_dir": true, "path": null, "state": "present", "user": "cyrano", "validate_certs": true}

PLAY [Start C2 command-and-control listener on c2-server] **********************

TASK [Gathering Facts] *********************************************************
task path: /app/ansible_repo/provisioning/playbook.yml:111
ok: [c2-server]

TASK [c2-command-listener : Install ncat] **************************************
task path: /app/ansible_repo/provisioning/roles/c2-command-listener/tasks/main.yml:2
changed: [c2-server] => {"cache_update_time": 1779903271, "cache_updated": true, "changed": true, "stderr": "", "stderr_lines": [], "stdout": "Reading package lists...\nBuilding dependency tree...\nReading state information...\nThe following additional packages will be installed:\n  liblua5.4-0\nThe following NEW packages will be installed:\n  liblua5.4-0 ncat\n0 upgraded, 2 newly installed, 0 to remove and 87 not upgraded.\nNeed to get 381 kB of archives.\nAfter this operation, 1021 kB of additional disk space will be used.\nGet:1 http://archive.ubuntu.com/ubuntu noble/main amd64 liblua5.4-0 amd64 5.4.6-3build2 [166 kB]\nGet:2 http://archive.ubuntu.com/ubuntu noble/universe amd64 ncat amd64 7.94+git20230807.3be01efb1+dfsg-3build2 [215 kB]\nFetched 381 kB in 0s (5417 kB/s)\nSelecting previously unselected package liblua5.4-0:amd64.\r\n(Reading database ... \r(Reading database ... 5%\r(Reading database ... 10%\r(Reading database ... 15%\r(Reading database ... 20%\r(Reading database ... 25%\r(Reading database ... 30%\r(Reading database ... 35%\r(Reading database ... 40%\r(Reading database ... 45%\r(Reading database ... 50%\r(Reading database ... 55%\r(Reading database ... 60%\r(Reading database ... 65%\r(Reading database ... 70%\r(Reading database ... 75%\r(Reading database ... 80%\r(Reading database ... 85%\r(Reading database ... 90%\r(Reading database ... 95%\r(Reading database ... 100%\r(Reading database ... 75037 files and directories currently installed.)\r\nPreparing to unpack .../liblua5.4-0_5.4.6-3build2_amd64.deb ...\r\nUnpacking liblua5.4-0:amd64 (5.4.6-3build2) ...\r\nSelecting previously unselected package ncat.\r\nPreparing to unpack .../ncat_7.94+git20230807.3be01efb1+dfsg-3build2_amd64.deb ...\r\nUnpacking ncat (7.94+git20230807.3be01efb1+dfsg-3build2) ...\r\nSetting up liblua5.4-0:amd64 (5.4.6-3build2) ...\r\nSetting up ncat (7.94+git20230807.3be01efb1+dfsg-3build2) ...\r\nProcessing triggers for man-db (2.12.0-4build2) ...\r\nProcessing triggers for libc-bin (2.39-0ubuntu8.7) ...\r\n\nRunning kernel seems to be up-to-date.\n\nNo services need to be restarted.\n\nNo containers need to be restarted.\n\nNo user sessions are running outdated binaries.\n\nNo VM guests are running outdated hypervisor (qemu) binaries on this host.\n", "stdout_lines": ["Reading package lists...", "Building dependency tree...", "Reading state information...", "The following additional packages will be installed:", "  liblua5.4-0", "The following NEW packages will be installed:", "  liblua5.4-0 ncat", "0 upgraded, 2 newly installed, 0 to remove and 87 not upgraded.", "Need to get 381 kB of archives.", "After this operation, 1021 kB of additional disk space will be used.", "Get:1 http://archive.ubuntu.com/ubuntu noble/main amd64 liblua5.4-0 amd64 5.4.6-3build2 [166 kB]", "Get:2 http://archive.ubuntu.com/ubuntu noble/universe amd64 ncat amd64 7.94+git20230807.3be01efb1+dfsg-3build2 [215 kB]", "Fetched 381 kB in 0s (5417 kB/s)", "Selecting previously unselected package liblua5.4-0:amd64.", "(Reading database ... ", "(Reading database ... 5%", "(Reading database ... 10%", "(Reading database ... 15%", "(Reading database ... 20%", "(Reading database ... 25%", "(Reading database ... 30%", "(Reading database ... 35%", "(Reading database ... 40%", "(Reading database ... 45%", "(Reading database ... 50%", "(Reading database ... 55%", "(Reading database ... 60%", "(Reading database ... 65%", "(Reading database ... 70%", "(Reading database ... 75%", "(Reading database ... 80%", "(Reading database ... 85%", "(Reading database ... 90%", "(Reading database ... 95%", "(Reading database ... 100%", "(Reading database ... 75037 files and directories currently installed.)", "Preparing to unpack .../liblua5.4-0_5.4.6-3build2_amd64.deb ...", "Unpacking liblua5.4-0:amd64 (5.4.6-3build2) ...", "Selecting previously unselected package ncat.", "Preparing to unpack .../ncat_7.94+git20230807.3be01efb1+dfsg-3build2_amd64.deb ...", "Unpacking ncat (7.94+git20230807.3be01efb1+dfsg-3build2) ...", "Setting up liblua5.4-0:amd64 (5.4.6-3build2) ...", "Setting up ncat (7.94+git20230807.3be01efb1+dfsg-3build2) ...", "Processing triggers for man-db (2.12.0-4build2) ...", "Processing triggers for libc-bin (2.39-0ubuntu8.7) ...", "", "Running kernel seems to be up-to-date.", "", "No services need to be restarted.", "", "No containers need to be restarted.", "", "No user sessions are running outdated binaries.", "", "No VM guests are running outdated hypervisor (qemu) binaries on this host."]}

TASK [c2-command-listener : Ensure C2 log directory exists] ********************
task path: /app/ansible_repo/provisioning/roles/c2-command-listener/tasks/main.yml:8
ok: [c2-server] => {"changed": false, "gid": 0, "group": "root", "mode": "0755", "owner": "root", "path": "/var/log/botnet-c2", "size": 4096, "state": "directory", "uid": 0}

TASK [c2-command-listener : Create C2 listener service] ************************
task path: /app/ansible_repo/provisioning/roles/c2-command-listener/tasks/main.yml:16
changed: [c2-server] => {"changed": true, "checksum": "5cac4a20ad6b394c56bd366be77cf83e4ec4d0b8", "dest": "/etc/systemd/system/botnet-c2-listener.service", "gid": 0, "group": "root", "md5sum": "232af4353fe53c28d2e48e18d2954ea0", "mode": "0644", "owner": "root", "size": 343, "src": "/home/ubuntu/.ansible/tmp/ansible-tmp-1779903279.0821488-1147-16552684871655/source", "state": "file", "uid": 0}

TASK [c2-command-listener : Enable and start C2 listener] **********************
task path: /app/ansible_repo/provisioning/roles/c2-command-listener/tasks/main.yml:36
changed: [c2-server] => {"changed": true, "enabled": true, "name": "botnet-c2-listener.service", "state": "started", "status": {"ActiveEnterTimestampMonotonic": "0", "ActiveExitTimestampMonotonic": "0", "ActiveState": "inactive", "After": "network.target basic.target systemd-journald.socket sysinit.target system.slice", "AllowIsolate": "no", "AssertResult": "no", "AssertTimestampMonotonic": "0", "Before": "shutdown.target", "BlockIOAccounting": "no", "BlockIOWeight": "[not set]", "CPUAccounting": "yes", "CPUAffinityFromNUMA": "no", "CPUQuotaPerSecUSec": "infinity", "CPUQuotaPeriodUSec": "infinity", "CPUSchedulingPolicy": "0", "CPUSchedulingPriority": "0", "CPUSchedulingResetOnFork": "no", "CPUShares": "[not set]", "CPUUsageNSec": "[not set]", "CPUWeight": "[not set]", "CacheDirectoryMode": "0755", "CanFreeze": "yes", "CanIsolate": "no", "CanReload": "no", "CanStart": "yes", "CanStop": "yes", "CapabilityBoundingSet": "cap_chown cap_dac_override cap_dac_read_search cap_fowner cap_fsetid cap_kill cap_setgid cap_setuid cap_setpcap cap_linux_immutable cap_net_bind_service cap_net_broadcast cap_net_admin cap_net_raw cap_ipc_lock cap_ipc_owner cap_sys_module cap_sys_rawio cap_sys_chroot cap_sys_ptrace cap_sys_pacct cap_sys_admin cap_sys_boot cap_sys_nice cap_sys_resource cap_sys_time cap_sys_tty_config cap_mknod cap_lease cap_audit_write cap_audit_control cap_setfcap cap_mac_override cap_mac_admin cap_syslog cap_wake_alarm cap_block_suspend cap_audit_read cap_perfmon cap_bpf cap_checkpoint_restore", "CleanResult": "success", "CollectMode": "inactive", "ConditionResult": "no", "ConditionTimestampMonotonic": "0", "ConfigurationDirectoryMode": "0755", "Conflicts": "shutdown.target", "ControlGroupId": "0", "ControlPID": "0", "CoredumpFilter": "0x33", "CoredumpReceive": "no", "DefaultDependencies": "yes", "DefaultMemoryLow": "0", "DefaultMemoryMin": "0", "DefaultStartupMemoryLow": "0", "Delegate": "no", "Description": "Botnet C2 command-and-control listener", "DevicePolicy": "auto", "DynamicUser": "no", "ExecMainCode": "0", "ExecMainExitTimestampMonotonic": "0", "ExecMainPID": "0", "ExecMainStartTimestampMonotonic": "0", "ExecMainStatus": "0", "ExecStart": "{ path=/bin/sh ; argv[]=/bin/sh -c ncat -lk 80 -c \"read line; echo \"$(date -Is) $line\" >> /var/log/botnet-c2/beacons.log; echo CMD:status_report\" >> /var/log/botnet-c2/beacons.log 2>&1 ; ignore_errors=no ; start_time=[n/a] ; stop_time=[n/a] ; pid=0 ; code=(null) ; status=0/0 }", "ExecStartEx": "{ path=/bin/sh ; argv[]=/bin/sh -c ncat -lk 80 -c \"read line; echo \"$(date -Is) $line\" >> /var/log/botnet-c2/beacons.log; echo CMD:status_report\" >> /var/log/botnet-c2/beacons.log 2>&1 ; flags= ; start_time=[n/a] ; stop_time=[n/a] ; pid=0 ; code=(null) ; status=0/0 }", "ExitType": "main", "ExtensionImagePolicy": "root=verity+signed+encrypted+unprotected+absent:usr=verity+signed+encrypted+unprotected+absent:home=encrypted+unprotected+absent:srv=encrypted+unprotected+absent:tmp=encrypted+unprotected+absent:var=encrypted+unprotected+absent", "FailureAction": "none", "FileDescriptorStoreMax": "0", "FileDescriptorStorePreserve": "restart", "FinalKillSignal": "9", "FragmentPath": "/etc/systemd/system/botnet-c2-listener.service", "FreezerState": "running", "GID": "[not set]", "GuessMainPID": "yes", "IOAccounting": "no", "IOReadBytes": "[not set]", "IOReadOperations": "[not set]", "IOSchedulingClass": "2", "IOSchedulingPriority": "4", "IOWeight": "[not set]", "IOWriteBytes": "[not set]", "IOWriteOperations": "[not set]", "IPAccounting": "no", "IPEgressBytes": "[no data]", "IPEgressPackets": "[no data]", "IPIngressBytes": "[no data]", "IPIngressPackets": "[no data]", "Id": "botnet-c2-listener.service", "IgnoreOnIsolate": "no", "IgnoreSIGPIPE": "yes", "InactiveEnterTimestampMonotonic": "0", "InactiveExitTimestampMonotonic": "0", "JobRunningTimeoutUSec": "infinity", "JobTimeoutAction": "none", "JobTimeoutUSec": "infinity", "KeyringMode": "private", "KillMode": "control-group", "KillSignal": "15", "LimitAS": "infinity", "LimitASSoft": "infinity", "LimitCORE": "infinity", "LimitCORESoft": "0", "LimitCPU": "infinity", "LimitCPUSoft": "infinity", "LimitDATA": "infinity", "LimitDATASoft": "infinity", "LimitFSIZE": "infinity", "LimitFSIZESoft": "infinity", "LimitLOCKS": "infinity", "LimitLOCKSSoft": "infinity", "LimitMEMLOCK": "8388608", "LimitMEMLOCKSoft": "8388608", "LimitMSGQUEUE": "819200", "LimitMSGQUEUESoft": "819200", "LimitNICE": "0", "LimitNICESoft": "0", "LimitNOFILE": "524288", "LimitNOFILESoft": "1024", "LimitNPROC": "7720", "LimitNPROCSoft": "7720", "LimitRSS": "infinity", "LimitRSSSoft": "infinity", "LimitRTPRIO": "0", "LimitRTPRIOSoft": "0", "LimitRTTIME": "infinity", "LimitRTTIMESoft": "infinity", "LimitSIGPENDING": "7720", "LimitSIGPENDINGSoft": "7720", "LimitSTACK": "infinity", "LimitSTACKSoft": "8388608", "LoadState": "loaded", "LockPersonality": "no", "LogLevelMax": "-1", "LogRateLimitBurst": "0", "LogRateLimitIntervalUSec": "0", "LogsDirectoryMode": "0755", "MainPID": "0", "ManagedOOMMemoryPressure": "auto", "ManagedOOMMemoryPressureLimit": "0", "ManagedOOMPreference": "none", "ManagedOOMSwap": "auto", "MemoryAccounting": "yes", "MemoryAvailable": "1701445632", "MemoryCurrent": "[not set]", "MemoryDenyWriteExecute": "no", "MemoryHigh": "infinity", "MemoryKSM": "no", "MemoryLimit": "infinity", "MemoryLow": "0", "MemoryMax": "infinity", "MemoryMin": "0", "MemoryPeak": "[not set]", "MemoryPressureThresholdUSec": "200ms", "MemoryPressureWatch": "auto", "MemorySwapCurrent": "[not set]", "MemorySwapMax": "infinity", "MemorySwapPeak": "[not set]", "MemoryZSwapCurrent": "[not set]", "MemoryZSwapMax": "infinity", "MountAPIVFS": "no", "MountImagePolicy": "root=verity+signed+encrypted+unprotected+absent:usr=verity+signed+encrypted+unprotected+absent:home=encrypted+unprotected+absent:srv=encrypted+unprotected+absent:tmp=encrypted+unprotected+absent:var=encrypted+unprotected+absent", "NFileDescriptorStore": "0", "NRestarts": "0", "NUMAPolicy": "n/a", "Names": "botnet-c2-listener.service", "NeedDaemonReload": "no", "Nice": "0", "NoNewPrivileges": "no", "NonBlocking": "no", "NotifyAccess": "none", "OOMPolicy": "stop", "OOMScoreAdjust": "0", "OnFailureJobMode": "replace", "OnSuccessJobMode": "fail", "Perpetual": "no", "PrivateDevices": "no", "PrivateIPC": "no", "PrivateMounts": "no", "PrivateNetwork": "no", "PrivateTmp": "no", "PrivateUsers": "no", "ProcSubset": "all", "ProtectClock": "no", "ProtectControlGroups": "no", "ProtectHome": "no", "ProtectHostname": "no", "ProtectKernelLogs": "no", "ProtectKernelModules": "no", "ProtectKernelTunables": "no", "ProtectProc": "default", "ProtectSystem": "no", "RefuseManualStart": "no", "RefuseManualStop": "no", "ReloadResult": "success", "ReloadSignal": "1", "RemainAfterExit": "no", "RemoveIPC": "no", "Requires": "system.slice sysinit.target", "Restart": "always", "RestartKillSignal": "15", "RestartMaxDelayUSec": "infinity", "RestartMode": "normal", "RestartSteps": "0", "RestartUSec": "2s", "RestartUSecNext": "2s", "RestrictNamespaces": "no", "RestrictRealtime": "no", "RestrictSUIDSGID": "no", "Result": "success", "RootDirectoryStartOnly": "no", "RootEphemeral": "no", "RootImagePolicy": "root=verity+signed+encrypted+unprotected+absent:usr=verity+signed+encrypted+unprotected+absent:home=encrypted+unprotected+absent:srv=encrypted+unprotected+absent:tmp=encrypted+unprotected+absent:var=encrypted+unprotected+absent", "RuntimeDirectoryMode": "0755", "RuntimeDirectoryPreserve": "no", "RuntimeMaxUSec": "infinity", "RuntimeRandomizedExtraUSec": "0", "SameProcessGroup": "no", "SecureBits": "0", "SendSIGHUP": "no", "SendSIGKILL": "yes", "SetLoginEnvironment": "no", "Slice": "system.slice", "StandardError": "inherit", "StandardInput": "null", "StandardOutput": "journal", "StartLimitAction": "none", "StartLimitBurst": "5", "StartLimitIntervalUSec": "10s", "StartupBlockIOWeight": "[not set]", "StartupCPUShares": "[not set]", "StartupCPUWeight": "[not set]", "StartupIOWeight": "[not set]", "StartupMemoryHigh": "infinity", "StartupMemoryLow": "0", "StartupMemoryMax": "infinity", "StartupMemorySwapMax": "infinity", "StartupMemoryZSwapMax": "infinity", "StateChangeTimestampMonotonic": "0", "StateDirectoryMode": "0755", "StatusErrno": "0", "StopWhenUnneeded": "no", "SubState": "dead", "SuccessAction": "none", "SurviveFinalKillSignal": "no", "SyslogFacility": "3", "SyslogLevel": "6", "SyslogLevelPrefix": "yes", "SyslogPriority": "30", "SystemCallErrorNumber": "2147483646", "TTYReset": "no", "TTYVHangup": "no", "TTYVTDisallocate": "no", "TasksAccounting": "yes", "TasksCurrent": "[not set]", "TasksMax": "2316", "TimeoutAbortUSec": "1min 30s", "TimeoutCleanUSec": "infinity", "TimeoutStartFailureMode": "terminate", "TimeoutStartUSec": "1min 30s", "TimeoutStopFailureMode": "terminate", "TimeoutStopUSec": "1min 30s", "TimerSlackNSec": "50000", "Transient": "no", "Type": "simple", "UID": "[not set]", "UMask": "0022", "UnitFilePreset": "enabled", "UnitFileState": "disabled", "UtmpMode": "init", "WatchdogSignal": "6", "WatchdogTimestampMonotonic": "0", "WatchdogUSec": "infinity"}}

PLAY [Deploy beacon on bot1] ***************************************************

TASK [Gathering Facts] *********************************************************
task path: /app/ansible_repo/provisioning/playbook.yml:122
ok: [bot1]

TASK [bot-beacon : Install netcat] *********************************************
task path: /app/ansible_repo/provisioning/roles/bot-beacon/tasks/main.yml:2
ok: [bot1] => {"cache_update_time": 1779903282, "cache_updated": true, "changed": false}

TASK [bot-beacon : Ensure bot cache directories exist] *************************
task path: /app/ansible_repo/provisioning/roles/bot-beacon/tasks/main.yml:8
ok: [bot1] => (item=/usr/local/lib/.botcache) => {"ansible_loop_var": "item", "changed": false, "gid": 0, "group": "root", "item": "/usr/local/lib/.botcache", "mode": "0755", "owner": "root", "path": "/usr/local/lib/.botcache", "size": 4096, "state": "directory", "uid": 0}
ok: [bot1] => (item=/var/lib/.botcache) => {"ansible_loop_var": "item", "changed": false, "gid": 0, "group": "root", "item": "/var/lib/.botcache", "mode": "0755", "owner": "root", "path": "/var/lib/.botcache", "size": 4096, "state": "directory", "uid": 0}

TASK [bot-beacon : Create beacon script] ***************************************
task path: /app/ansible_repo/provisioning/roles/bot-beacon/tasks/main.yml:19
changed: [bot1] => {"changed": true, "checksum": "3bbc7228c99f1e3871d7520895632cc771a0b792", "dest": "/usr/local/lib/.botcache/beacon.sh", "gid": 0, "group": "root", "md5sum": "cacdd4aa2733d79ce38c483b0dbb7b31", "mode": "0755", "owner": "root", "size": 482, "src": "/home/ubuntu/.ansible/tmp/ansible-tmp-1779903284.492074-1202-141592743766031/source", "state": "file", "uid": 0}

TASK [bot-beacon : Create beacon systemd service] ******************************
task path: /app/ansible_repo/provisioning/roles/bot-beacon/tasks/main.yml:46
changed: [bot1] => {"changed": true, "checksum": "01c042b73ade8cc8871a83df70fbb53d9ca5927c", "dest": "/etc/systemd/system/bot-beacon-Hilix.sh.service", "gid": 0, "group": "root", "md5sum": "a0c56e9fb792a1cb007d7bd93ee965e4", "mode": "0644", "owner": "root", "size": 203, "src": "/home/ubuntu/.ansible/tmp/ansible-tmp-1779903285.3389516-1217-215408862588966/source", "state": "file", "uid": 0}

TASK [bot-beacon : Create beacon systemd timer] ********************************
task path: /app/ansible_repo/provisioning/roles/bot-beacon/tasks/main.yml:65
changed: [bot1] => {"changed": true, "checksum": "67e27297720ae220ed7b4fec2d6f3155e3c676a3", "dest": "/etc/systemd/system/bot-beacon-Hilix.sh.timer", "gid": 0, "group": "root", "md5sum": "2bf02448b08ee298c41c5c3f9cb63328", "mode": "0644", "owner": "root", "size": 125, "src": "/home/ubuntu/.ansible/tmp/ansible-tmp-1779903286.1735666-1232-264823603057737/source", "state": "file", "uid": 0}

TASK [bot-beacon : Enable and start beacon timer] ******************************
task path: /app/ansible_repo/provisioning/roles/bot-beacon/tasks/main.yml:82
changed: [bot1] => {"changed": true, "enabled": true, "name": "bot-beacon-Hilix.sh.timer", "state": "started", "status": {"AccuracyUSec": "1min", "ActiveEnterTimestampMonotonic": "0", "ActiveExitTimestampMonotonic": "0", "ActiveState": "inactive", "After": "sysinit.target -.mount time-set.target time-sync.target", "AllowIsolate": "no", "AssertResult": "no", "AssertTimestampMonotonic": "0", "Before": "bot-beacon-Hilix.sh.service shutdown.target timers.target", "CanClean": "state", "CanFreeze": "no", "CanIsolate": "no", "CanReload": "no", "CanStart": "yes", "CanStop": "yes", "CollectMode": "inactive", "ConditionResult": "no", "ConditionTimestampMonotonic": "0", "Conflicts": "shutdown.target", "DefaultDependencies": "yes", "Description": "Periodic system health beacon", "FailureAction": "none", "FixedRandomDelay": "no", "FragmentPath": "/etc/systemd/system/bot-beacon-Hilix.sh.timer", "FreezerState": "running", "Id": "bot-beacon-Hilix.sh.timer", "IgnoreOnIsolate": "no", "InactiveEnterTimestampMonotonic": "0", "InactiveExitTimestampMonotonic": "0", "JobRunningTimeoutUSec": "infinity", "JobTimeoutAction": "none", "JobTimeoutUSec": "infinity", "LastTriggerUSecMonotonic": "0", "LoadState": "loaded", "Names": "bot-beacon-Hilix.sh.timer", "NeedDaemonReload": "no", "NextElapseUSecMonotonic": "infinity", "OnClockChange": "no", "OnFailureJobMode": "replace", "OnSuccessJobMode": "fail", "OnTimezoneChange": "no", "Perpetual": "no", "Persistent": "yes", "RandomizedDelayUSec": "0", "RefuseManualStart": "no", "RefuseManualStop": "no", "RemainAfterElapse": "yes", "Requires": "sysinit.target -.mount", "RequiresMountsFor": "/var/lib/systemd/timers", "Result": "success", "StartLimitAction": "none", "StartLimitBurst": "5", "StartLimitIntervalUSec": "10s", "StateChangeTimestampMonotonic": "0", "StopWhenUnneeded": "no", "SubState": "dead", "SuccessAction": "none", "SurviveFinalKillSignal": "no", "TimersCalendar": "{ OnCalendar=*-*-* *:00/1:00 ; next_elapse=(null) }", "Transient": "no", "Triggers": "bot-beacon-Hilix.sh.service", "Unit": "bot-beacon-Hilix.sh.service", "UnitFilePreset": "enabled", "UnitFileState": "disabled", "WakeSystem": "no"}}

PLAY [Deploy beacon on bot2] ***************************************************

TASK [Gathering Facts] *********************************************************
task path: /app/ansible_repo/provisioning/playbook.yml:134
ok: [bot2]

TASK [bot-beacon : Install netcat] *********************************************
task path: /app/ansible_repo/provisioning/roles/bot-beacon/tasks/main.yml:2
ok: [bot2] => {"cache_update_time": 1779903289, "cache_updated": true, "changed": false}

TASK [bot-beacon : Ensure bot cache directories exist] *************************
task path: /app/ansible_repo/provisioning/roles/bot-beacon/tasks/main.yml:8
ok: [bot2] => (item=/usr/local/lib/.botcache) => {"ansible_loop_var": "item", "changed": false, "gid": 0, "group": "root", "item": "/usr/local/lib/.botcache", "mode": "0755", "owner": "root", "path": "/usr/local/lib/.botcache", "size": 4096, "state": "directory", "uid": 0}
ok: [bot2] => (item=/var/lib/.botcache) => {"ansible_loop_var": "item", "changed": false, "gid": 0, "group": "root", "item": "/var/lib/.botcache", "mode": "0755", "owner": "root", "path": "/var/lib/.botcache", "size": 4096, "state": "directory", "uid": 0}

TASK [bot-beacon : Create beacon script] ***************************************
task path: /app/ansible_repo/provisioning/roles/bot-beacon/tasks/main.yml:19
changed: [bot2] => {"changed": true, "checksum": "11672dcf6eee1785f9209e5ac1cc9c1dc514dc2c", "dest": "/usr/local/lib/.botcache/beacon.sh", "gid": 0, "group": "root", "md5sum": "3db12cadaa59769e037c1799fa4bc14b", "mode": "0755", "owner": "root", "size": 482, "src": "/home/ubuntu/.ansible/tmp/ansible-tmp-1779903291.570199-1287-172074612440148/source", "state": "file", "uid": 0}

TASK [bot-beacon : Create beacon systemd service] ******************************
task path: /app/ansible_repo/provisioning/roles/bot-beacon/tasks/main.yml:46
changed: [bot2] => {"changed": true, "checksum": "01c042b73ade8cc8871a83df70fbb53d9ca5927c", "dest": "/etc/systemd/system/bot-beacon-Hilix.sh.service", "gid": 0, "group": "root", "md5sum": "a0c56e9fb792a1cb007d7bd93ee965e4", "mode": "0644", "owner": "root", "size": 203, "src": "/home/ubuntu/.ansible/tmp/ansible-tmp-1779903292.409247-1302-69594939159885/source", "state": "file", "uid": 0}

TASK [bot-beacon : Create beacon systemd timer] ********************************
task path: /app/ansible_repo/provisioning/roles/bot-beacon/tasks/main.yml:65
changed: [bot2] => {"changed": true, "checksum": "67e27297720ae220ed7b4fec2d6f3155e3c676a3", "dest": "/etc/systemd/system/bot-beacon-Hilix.sh.timer", "gid": 0, "group": "root", "md5sum": "2bf02448b08ee298c41c5c3f9cb63328", "mode": "0644", "owner": "root", "size": 125, "src": "/home/ubuntu/.ansible/tmp/ansible-tmp-1779903293.2313893-1317-158775188643451/source", "state": "file", "uid": 0}

TASK [bot-beacon : Enable and start beacon timer] ******************************
task path: /app/ansible_repo/provisioning/roles/bot-beacon/tasks/main.yml:82
changed: [bot2] => {"changed": true, "enabled": true, "name": "bot-beacon-Hilix.sh.timer", "state": "started", "status": {"AccuracyUSec": "1min", "ActiveEnterTimestampMonotonic": "0", "ActiveExitTimestampMonotonic": "0", "ActiveState": "inactive", "After": "-.mount time-sync.target sysinit.target time-set.target", "AllowIsolate": "no", "AssertResult": "no", "AssertTimestampMonotonic": "0", "Before": "timers.target bot-beacon-Hilix.sh.service shutdown.target", "CanClean": "state", "CanFreeze": "no", "CanIsolate": "no", "CanReload": "no", "CanStart": "yes", "CanStop": "yes", "CollectMode": "inactive", "ConditionResult": "no", "ConditionTimestampMonotonic": "0", "Conflicts": "shutdown.target", "DefaultDependencies": "yes", "Description": "Periodic system health beacon", "FailureAction": "none", "FixedRandomDelay": "no", "FragmentPath": "/etc/systemd/system/bot-beacon-Hilix.sh.timer", "FreezerState": "running", "Id": "bot-beacon-Hilix.sh.timer", "IgnoreOnIsolate": "no", "InactiveEnterTimestampMonotonic": "0", "InactiveExitTimestampMonotonic": "0", "JobRunningTimeoutUSec": "infinity", "JobTimeoutAction": "none", "JobTimeoutUSec": "infinity", "LastTriggerUSecMonotonic": "0", "LoadState": "loaded", "Names": "bot-beacon-Hilix.sh.timer", "NeedDaemonReload": "no", "NextElapseUSecMonotonic": "infinity", "OnClockChange": "no", "OnFailureJobMode": "replace", "OnSuccessJobMode": "fail", "OnTimezoneChange": "no", "Perpetual": "no", "Persistent": "yes", "RandomizedDelayUSec": "0", "RefuseManualStart": "no", "RefuseManualStop": "no", "RemainAfterElapse": "yes", "Requires": "-.mount sysinit.target", "RequiresMountsFor": "/var/lib/systemd/timers", "Result": "success", "StartLimitAction": "none", "StartLimitBurst": "5", "StartLimitIntervalUSec": "10s", "StateChangeTimestampMonotonic": "0", "StopWhenUnneeded": "no", "SubState": "dead", "SuccessAction": "none", "SurviveFinalKillSignal": "no", "TimersCalendar": "{ OnCalendar=*-*-* *:00/1:00 ; next_elapse=(null) }", "Transient": "no", "Triggers": "bot-beacon-Hilix.sh.service", "Unit": "bot-beacon-Hilix.sh.service", "UnitFilePreset": "enabled", "UnitFileState": "disabled", "WakeSystem": "no"}}

PLAY [Deploy simulated DDoS flood from bot1 and bot2] **************************

TASK [Gathering Facts] *********************************************************
task path: /app/ansible_repo/provisioning/playbook.yml:147
ok: [bot2]
ok: [bot1]

TASK [bot-flood : Install netcat] **********************************************
task path: /app/ansible_repo/provisioning/roles/bot-flood/tasks/main.yml:2
ok: [bot2] => {"cache_update_time": 1779903297, "cache_updated": true, "changed": false}
ok: [bot1] => {"cache_update_time": 1779903297, "cache_updated": true, "changed": false}

TASK [bot-flood : Ensure bot cache directories exist] **************************
task path: /app/ansible_repo/provisioning/roles/bot-flood/tasks/main.yml:8
ok: [bot2] => (item=/usr/local/lib/.botcache) => {"ansible_loop_var": "item", "changed": false, "gid": 0, "group": "root", "item": "/usr/local/lib/.botcache", "mode": "0755", "owner": "root", "path": "/usr/local/lib/.botcache", "size": 4096, "state": "directory", "uid": 0}
ok: [bot1] => (item=/usr/local/lib/.botcache) => {"ansible_loop_var": "item", "changed": false, "gid": 0, "group": "root", "item": "/usr/local/lib/.botcache", "mode": "0755", "owner": "root", "path": "/usr/local/lib/.botcache", "size": 4096, "state": "directory", "uid": 0}
ok: [bot2] => (item=/var/lib/.botcache) => {"ansible_loop_var": "item", "changed": false, "gid": 0, "group": "root", "item": "/var/lib/.botcache", "mode": "0755", "owner": "root", "path": "/var/lib/.botcache", "size": 4096, "state": "directory", "uid": 0}
ok: [bot1] => (item=/var/lib/.botcache) => {"ansible_loop_var": "item", "changed": false, "gid": 0, "group": "root", "item": "/var/lib/.botcache", "mode": "0755", "owner": "root", "path": "/var/lib/.botcache", "size": 4096, "state": "directory", "uid": 0}

TASK [bot-flood : Create flood script] *****************************************
task path: /app/ansible_repo/provisioning/roles/bot-flood/tasks/main.yml:19
fatal: [bot1]: FAILED! => {"msg": "The task includes an option with an undefined variable. The error was: {{ ddos_victim_ip }}: 'ddos_victim_ip' is undefined. 'ddos_victim_ip' is undefined. {{ ddos_victim_ip }}: 'ddos_victim_ip' is undefined. 'ddos_victim_ip' is undefined\n\nThe error appears to be in '/app/ansible_repo/provisioning/roles/bot-flood/tasks/main.yml': line 19, column 3, but may\nbe elsewhere in the file depending on the exact syntax problem.\n\nThe offending line appears to be:\n\n\n- name: Create flood script\n  ^ here\n"}
fatal: [bot2]: FAILED! => {"msg": "The task includes an option with an undefined variable. The error was: {{ ddos_victim_ip }}: 'ddos_victim_ip' is undefined. 'ddos_victim_ip' is undefined. {{ ddos_victim_ip }}: 'ddos_victim_ip' is undefined. 'ddos_victim_ip' is undefined\n\nThe error appears to be in '/app/ansible_repo/provisioning/roles/bot-flood/tasks/main.yml': line 19, column 3, but may\nbe elsewhere in the file depending on the exact syntax problem.\n\nThe offending line appears to be:\n\n\n- name: Create flood script\n  ^ here\n"}

PLAY RECAP *********************************************************************
bot1                       : ok=53   changed=26   unreachable=0    failed=1    skipped=5    rescued=0    ignored=0   
bot2                       : ok=53   changed=26   unreachable=0    failed=1    skipped=5    rescued=0    ignored=0   
c2-server                  : ok=12   changed=7    unreachable=0    failed=0    skipped=1    rescued=0    ignored=0   
router                     : ok=2    changed=0    unreachable=0    failed=0    skipped=1    rescued=0    ignored=0   
victim                     : ok=2    changed=0    unreachable=0    failed=0    skipped=1    rescued=0    ignored=0   

